mirna,day14_1,day14_2,day14_3,day14_4,day3_1,day3_2,day3_3,day3_4,day7_1,day7_2,day7_3,day7_4,normal_1,normal_2,normal_3
mmu-let-7a-1-3p,1590,1121,1288,1099,2308,2387,2469,2442,1954,1031,1825,1188,815,1417,1521
mmu-let-7a-2-3p,6,8,8,3,7,0,0,2,0,2,2,2,2,0,2
mmu-let-7a-5p,136638,109850,173559,138338,118357,162442,155014,163751,148735,119605,166432,124664,54582,104171,75272
mmu-let-7b-3p,2440,2139,2545,1910,2390,3110,2380,2669,3524,1906,3260,3035,1114,1911,1651
mmu-let-7b-5p,52636,41996,59884,57708,44466,48598,53376,61614,53643,34329,56035,39395,22462,35677,29243
mmu-let-7c-1-3p,33,33,46,37,66,43,55,65,66,23,54,51,13,40,12
mmu-let-7c-2-3p,1590,1121,1288,1099,2308,2387,2469,2442,1954,1031,1825,1188,815,1417,1521
mmu-let-7c-5p,184412,148939,231744,201974,137177,172729,184906,199055,168323,122808,192999,138185,66817,112236,86756
mmu-let-7d-3p,9398,7312,9632,8856,9554,11157,9378,11186,13823,7598,13401,11139,4284,7955,5413
mmu-let-7d-5p,28031,23307,31544,29032,31663,37717,35196,38665,37272,25795,39706,28238,12515,26004,18797
mmu-let-7e-3p,437,309,443,363,398,393,343,372,416,299,498,438,121,164,145
mmu-let-7e-5p,26058,18921,30968,23927,17337,21789,21105,21572,19455,17655,29211,23370,4393,7756,6608
mmu-let-7f-1-3p,430,253,360,274,616,713,624,630,692,353,561,454,251,411,356
mmu-let-7f-2-3p,391,253,324,264,665,557,708,511,432,213,457,378,193,306,411
mmu-let-7f-5p,369774,272931,420839,296900,352241,412918,343782,380987,382070,281667,479630,440333,126309,240678,194028
mmu-let-7g-3p,112,76,104,82,175,199,154,138,168,61,158,113,102,151,124
mmu-let-7g-5p,62241,43512,60607,52760,80691,97370,88831,89491,85628,55477,81016,59823,41661,78115,63106
mmu-let-7i-3p,454,390,523,506,352,312,391,415,378,139,437,325,107,127,133
mmu-let-7i-5p,202006,163192,234003,173110,134125,138617,133800,135418,110336,111451,195506,188927,17519,26974,24190
mmu-let-7j,24,13,39,52,16,7,11,10,13,16,15,24,0,2,0
mmu-miR-100-3p,15,10,18,11,13,8,3,6,10,2,7,13,0,3,0
mmu-miR-100-5p,3569,3081,4905,3487,2299,2520,2108,2409,2732,2050,3467,2337,792,972,1023
mmu-miR-101a-3p,41916,29676,29843,23989,77061,73083,78501,64052,47959,19524,43200,36558,31105,49874,61988
mmu-miR-101a-5p,134,92,105,97,306,278,248,194,218,87,175,150,117,226,223
mmu-miR-101b-3p,5610,4193,5125,3444,6169,6378,6218,5583,4684,2349,5017,4698,2294,3573,3961
mmu-miR-101b-5p,0,2,0,0,0,0,0,0,0,0,0,0,0,0,0
mmu-miR-101c,13,6,5,7,22,28,23,14,7,2,6,2,9,15,23
mmu-miR-103-1-5p,0,0,0,0,0,3,5,0,0,0,0,0,0,0,0
mmu-miR-103-2-5p,7,7,5,0,5,2,3,2,11,2,0,6,0,2,0
mmu-miR-103-3p,28875,25735,34288,26341,31130,33545,31048,32267,36166,23110,36703,35383,16744,27485,22116
mmu-miR-106a-5p,18,20,8,20,71,80,70,70,72,40,38,16,79,107,97
mmu-miR-106b-3p,1179,1111,1543,1169,1017,1035,976,1039,1174,781,1387,1509,349,483,347
mmu-miR-106b-5p,2863,1696,1811,1695,2905,3059,2938,2467,2501,1257,2781,1881,697,1145,1134
mmu-miR-107-3p,7669,5730,7023,7341,18336,19684,17235,18095,18993,8784,15088,13787,12725,22265,17361
mmu-miR-107-5p,18,3,3,7,42,50,47,46,40,18,28,15,26,74,40
mmu-miR-10a-3p,3381,2301,3299,2445,3207,3157,2548,2408,3410,1709,3826,2964,996,1615,1538
mmu-miR-10a-5p,3629964,2540337,3921538,3194572,2465963,2515026,2539301,2799571,3216168,2509374,4186049,3168209,969844,1366974,1539154
mmu-miR-10b-3p,632,424,540,474,604,590,545,559,685,366,701,520,254,406,423
mmu-miR-10b-5p,2009415,1830780,2499483,1757372,1248907,1335811,1381588,1548841,1741388,1262352,1898163,1714466,693485,975856,1129691
mmu-miR-1191a,32,24,36,35,91,87,76,90,60,18,82,54,38,64,54
mmu-miR-1191b-5p,32,25,30,10,32,48,35,31,42,22,47,28,15,37,18
mmu-miR-1193-3p,0,0,0,0,0,0,0,0,0,0,2,0,0,3,0
mmu-miR-1194,14,17,19,20,33,25,29,32,32,17,22,24,10,17,10
mmu-miR-1195,0,0,0,0,0,0,0,0,0,0,0,0,0,0,2
mmu-miR-1197-3p,0,0,0,0,0,0,0,0,0,0,2,0,0,0,0
mmu-miR-1198-3p,6,0,2,0,2,6,7,4,0,0,0,4,2,0,2
mmu-miR-1198-5p,610,475,781,651,812,829,1061,1126,953,580,976,873,370,723,487
mmu-miR-1199-3p,0,0,4,5,17,13,15,17,10,2,8,14,7,19,8
mmu-miR-1199-5p,94,57,105,70,342,367,236,252,289,115,216,200,156,438,228
mmu-miR-122-5p,2,0,2,0,0,0,7,5,5,0,0,0,0,6,2
mmu-miR-1224-3p,0,0,0,0,0,0,0,0,0,0,0,2,0,0,0
mmu-miR-1224-5p,0,0,0,0,2,0,0,0,0,0,0,0,0,0,0
mmu-miR-1231-3p,4,0,2,0,3,0,0,0,0,0,0,2,0,0,0
mmu-miR-1231-5p,2,4,0,0,0,0,0,0,2,0,2,0,0,0,0
mmu-miR-124-3p,2,0,0,2,0,0,4,0,0,0,0,0,0,0,5
mmu-miR-1247-3p,70,63,104,60,62,53,44,44,29,23,55,113,0,0,3
mmu-miR-1247-5p,994,951,1312,964,737,878,657,882,1623,968,1972,1637,182,660,295
mmu-miR-1249-3p,330,342,383,307,361,436,398,412,557,321,523,524,135,293,182
mmu-miR-1258-3p,6,12,4,3,15,26,19,27,23,11,18,16,6,29,30
mmu-miR-1258-5p,6,4,4,3,17,22,23,23,23,11,16,15,15,26,25
mmu-miR-125a-3p,352,255,295,245,381,373,317,416,292,179,456,329,62,138,91
mmu-miR-125a-5p,116566,85938,113509,97792,91878,92715,78225,86973,108551,77921,136542,97307,33819,47527,45217
mmu-miR-125b-1-3p,2419,1742,2793,2024,2124,1934,1735,1983,1592,1184,2455,2525,326,688,499
mmu-miR-125b-2-3p,2138,1713,2298,1592,2420,2568,2037,2054,2561,1344,2608,2085,1161,1652,1796
mmu-miR-125b-5p,35033,28482,35079,32517,26810,26310,23460,26716,31555,21286,36937,26152,10970,16348,14811
mmu-miR-126a-3p,44851,31015,37292,32814,58818,61904,56676,59528,59165,33054,61111,39413,22924,35989,34585
mmu-miR-126a-5p,146217,93040,118574,89163,222125,241577,184918,177233,198458,88395,182156,132553,85506,130240,141890
mmu-miR-126b-3p,0,0,0,0,0,0,0,0,2,0,0,0,0,0,0
mmu-miR-127-3p,86,236,512,275,156,73,79,147,78,63,105,102,14,34,27
mmu-miR-127-5p,7,36,39,10,5,12,15,25,11,5,15,10,5,2,0
mmu-miR-128-1-5p,51,29,53,28,66,71,52,52,60,30,59,69,6,32,26
mmu-miR-128-3p,1340,1004,1343,1179,1779,2034,1522,1676,2242,1252,2425,1984,774,1430,947
mmu-miR-129-1-3p,10,10,3,7,19,18,19,20,24,8,12,20,20,30,20
mmu-miR-129-2-3p,6,9,8,7,17,29,21,30,25,17,18,23,24,18,9
mmu-miR-129-5p,6,13,31,27,38,41,53,62,43,16,35,33,23,34,32
mmu-miR-1291,3,4,2,2,11,11,6,6,16,7,15,7,18,10,16
mmu-miR-1306-3p,7,7,4,0,5,16,4,2,4,11,8,12,3,8,0
mmu-miR-1306-5p,69,44,60,27,71,76,59,67,61,31,66,46,23,31,15
mmu-miR-130a-3p,15433,12377,14689,11998,15016,15634,12715,12431,15641,8985,16269,12484,5628,8668,9422
mmu-miR-130a-5p,21,9,20,20,22,12,26,33,27,10,13,10,7,9,8
mmu-miR-130b-3p,805,673,889,684,1048,1122,810,895,895,655,1330,1129,73,138,112
mmu-miR-130b-5p,186,138,158,139,261,241,169,218,197,141,302,271,17,32,16
mmu-miR-132-3p,11760,8613,13590,8325,5013,5849,5506,6628,3567,3659,8088,6330,512,577,581
mmu-miR-132-5p,296,238,348,223,258,177,222,241,152,136,356,272,13,15,26
mmu-miR-133a-3p,277,366,522,308,283,395,295,405,376,150,379,319,200,507,372
mmu-miR-133a-5p,0,0,0,0,0,0,0,0,0,0,0,2,0,0,0
mmu-miR-133b-3p,11,11,12,14,17,8,15,25,5,4,10,4,2,16,9
mmu-miR-133b-5p,0,0,0,2,0,0,0,0,0,0,0,0,0,0,0
mmu-miR-134-3p,2,4,3,0,0,0,0,0,0,0,0,0,0,0,0
mmu-miR-134-5p,19,40,61,17,38,24,41,61,15,5,18,13,0,4,4
mmu-miR-135a-5p,16,9,5,8,3,2,6,8,7,4,6,0,3,0,5
mmu-miR-135b-3p,0,0,0,0,0,0,0,0,0,0,4,0,0,0,0
mmu-miR-135b-5p,8,6,8,7,0,0,0,0,0,2,0,0,0,0,0
mmu-miR-136-3p,131,244,355,90,157,169,175,220,103,48,140,100,32,73,99
mmu-miR-136-5p,53,60,89,36,66,59,69,70,35,20,35,25,9,19,37
mmu-miR-137-3p,0,0,0,0,0,0,0,15,0,0,0,0,0,0,0
mmu-miR-138-1-3p,0,2,7,2,0,0,2,0,2,0,0,2,0,0,0
mmu-miR-138-2-3p,0,3,5,2,0,4,0,5,2,2,0,2,0,0,5
mmu-miR-138-5p,210,217,352,196,216,223,186,307,254,184,255,220,76,144,100
mmu-miR-139-3p,8,9,16,16,24,16,15,13,15,11,17,13,7,4,7
mmu-miR-139-5p,1871,1249,1684,1772,1779,2032,2026,2303,2134,1228,2289,1586,686,978,890
mmu-miR-140-3p,25867,23032,29764,22007,24267,27028,24030,24992,26973,15524,26097,27490,11583,19771,15654
mmu-miR-140-5p,737,604,745,646,847,908,853,844,1027,602,953,731,548,819,732
mmu-miR-141-3p,28625,15865,21013,18551,20858,18983,22165,18687,16584,9381,22049,13235,6879,9277,13380
mmu-miR-141-5p,428,302,457,302,350,349,290,293,366,192,428,305,76,129,117
mmu-miR-142a-3p,1287,947,835,758,1537,1204,1774,1457,745,572,1039,767,116,102,184
mmu-miR-142a-5p,43781,36610,43937,27561,36305,34465,26138,27700,30279,26060,38982,37183,4295,4542,6121
mmu-miR-143-3p,1530914,1283538,1746980,1099411,1129994,1250052,1083821,1190910,1139060,643999,1269311,1172339,387577,588545,645626
mmu-miR-143-5p,344,281,365,243,350,336,348,314,367,207,457,279,85,176,120
mmu-miR-144-3p,391,105,169,144,870,535,1142,584,147,28,186,191,422,33,148
mmu-miR-144-5p,459,159,303,170,603,409,854,455,194,59,279,335,427,39,144
mmu-miR-145a-3p,3723,2999,5480,2887,4351,4481,3895,3310,3518,2291,5117,2391,2207,2638,2365
mmu-miR-145a-5p,13712,13080,17873,15252,10081,10106,11748,13481,12806,8985,12855,9261,5090,6675,6454
mmu-miR-145b,5,4,4,0,0,3,2,0,4,3,0,2,0,0,0
mmu-miR-146a-3p,3,0,2,4,6,2,3,0,2,0,6,2,0,0,0
mmu-miR-146a-5p,25388,16177,21816,15342,7974,8641,6544,8091,13331,17137,19080,16620,3614,6830,5213
mmu-miR-146b-3p,27,15,29,18,13,13,12,17,7,8,22,16,0,0,0
mmu-miR-146b-5p,44528,19933,33487,23179,20384,19404,16765,21640,17432,30984,35162,31517,1586,2535,1963
mmu-miR-147-3p,91,43,84,51,96,85,123,108,36,18,69,27,13,2,15
mmu-miR-147-5p,0,0,2,0,0,0,0,0,0,0,0,0,0,0,0
mmu-miR-148a-3p,61886,59988,74723,44314,34232,37050,35145,32833,34527,25774,44879,43532,10458,12603,19979
mmu-miR-148a-5p,1041,1032,1353,783,538,474,532,494,519,336,637,694,107,113,217
mmu-miR-148b-3p,12021,8203,10972,9219,13853,14776,13977,13851,13711,8509,15675,12603,4040,7288,7325
mmu-miR-148b-5p,545,331,393,370,1032,791,803,822,721,341,736,537,250,516,421
mmu-miR-149-3p,0,0,4,0,0,0,0,3,0,0,0,0,0,0,0
mmu-miR-149-5p,1829,1415,1841,1573,1414,1583,1181,1490,1850,1012,1921,1766,789,1213,964
mmu-miR-150-3p,6,2,13,15,14,16,8,5,13,8,15,20,2,0,3
mmu-miR-150-5p,6282,7603,7663,3870,5954,6984,2433,2766,6346,4702,6204,7612,1481,2219,2210
mmu-miR-151-3p,63058,49616,76501,58981,61350,69759,56753,64787,73844,45100,76678,73565,25170,41277,33944
mmu-miR-151-5p,28331,20312,26208,22368,33384,37106,28329,31212,37848,19704,38793,28953,13441,23338,20418
mmu-miR-152-3p,3264,2349,2884,2546,2321,2567,2642,2725,2689,1733,2826,1970,1107,1713,1606
mmu-miR-152-5p,1730,1570,1977,1372,1323,1245,1365,1299,1396,842,1395,1519,374,602,598
mmu-miR-153-3p,3,0,2,0,5,4,2,11,2,2,9,4,0,0,4
mmu-miR-154-3p,0,0,0,0,2,0,2,2,0,0,0,0,0,0,0
mmu-miR-154-5p,4,27,30,11,6,8,4,19,9,5,6,4,0,3,3
mmu-miR-155-3p,16,10,12,9,11,11,7,14,12,5,17,11,2,0,3
mmu-miR-155-5p,1396,1421,1705,1253,1745,1826,1830,2150,1214,1121,1800,1424,591,739,621
mmu-miR-15a-3p,46,50,51,38,108,85,84,75,65,32,70,62,27,28,43
mmu-miR-15a-5p,12756,9156,9847,9327,14968,15963,13365,13080,16125,8862,17044,13443,5117,8044,7762
mmu-miR-15b-3p,406,305,476,419,537,534,551,592,507,269,544,410,155,178,159
mmu-miR-15b-5p,2657,2010,2254,2175,3414,3786,3406,3532,3370,2131,3579,2640,764,953,903
mmu-miR-16-1-3p,196,142,159,104,292,266,303,273,174,93,210,185,61,75,87
mmu-miR-16-2-3p,46,42,64,40,94,88,101,89,78,42,71,63,32,37,50
mmu-miR-16-5p,216009,164407,195912,162645,254187,278006,236978,241438,281011,193927,349180,266887,71613,102549,93627
mmu-miR-1668,6,5,5,0,5,5,2,4,6,4,8,6,0,0,0
mmu-miR-17-3p,455,347,432,325,494,448,487,385,458,290,629,453,101,154,150
mmu-miR-17-5p,3072,2216,2767,2192,4134,4319,4096,3538,2833,2005,3685,2759,804,1192,1188
mmu-miR-181a-1-3p,3199,2729,3796,2408,1879,1801,1917,1675,1957,1348,2333,2522,469,669,950
mmu-miR-181a-2-3p,1545,1375,1665,1016,619,596,560,460,718,543,1111,1490,147,207,238
mmu-miR-181a-5p,578784,499316,757523,519489,279020,278513,233434,259816,335783,246060,403171,420469,113617,172002,186419
mmu-miR-181b-1-3p,75,55,69,30,99,82,76,67,64,45,74,68,14,23,30
mmu-miR-181b-2-3p,4,7,0,4,0,5,3,5,3,0,2,11,0,0,0
mmu-miR-181b-5p,26053,22625,33614,21918,17967,19163,15406,16406,19056,14609,24840,25707,5515,11050,8459
mmu-miR-181c-3p,3912,3067,4384,2910,1447,1556,1281,1204,1979,1461,2810,2843,272,464,444
mmu-miR-181c-5p,44778,34634,51172,32731,16823,18441,15653,15339,20847,13366,25119,26438,5993,9063,9108
mmu-miR-181d-3p,0,4,0,2,3,0,0,4,0,0,5,0,0,0,0
mmu-miR-181d-5p,6911,5689,8084,5378,2655,2893,2425,2296,3664,3066,5101,4888,665,1134,954
mmu-miR-182-3p,9,4,10,5,0,10,8,7,5,2,4,11,0,0,0
mmu-miR-182-5p,123058,111028,175565,97132,55363,57315,52346,57276,68523,53397,108267,99889,13671,14037,23473
mmu-miR-183-3p,168,140,179,144,148,123,115,141,96,66,176,136,13,28,31
mmu-miR-183-5p,8822,6928,14302,7903,5155,5467,5217,4607,5768,4313,9482,7335,1241,1259,1596
mmu-miR-1839-3p,266,190,230,204,244,308,279,267,310,198,289,216,108,179,137
mmu-miR-1839-5p,3535,3085,4288,2940,3214,3342,3028,3100,3568,2550,4114,4072,1281,2429,1981
mmu-miR-184-3p,528,286,408,425,274,374,284,330,518,393,585,471,92,154,102
mmu-miR-184-5p,0,0,0,0,2,0,2,2,0,0,0,0,0,0,0
mmu-miR-1843a-3p,86,88,124,114,87,96,101,138,122,69,123,109,48,107,71
mmu-miR-1843a-5p,3258,2634,3325,2426,3393,3854,3135,3282,3694,1952,3745,3776,1400,2508,2051
mmu-miR-1843b-3p,642,587,845,496,670,685,533,493,1059,543,1056,1263,307,703,454
mmu-miR-1843b-5p,2443,2133,2665,1946,2628,2884,2382,2464,2838,1520,2961,2939,1107,1977,1657
mmu-miR-185-3p,18,10,35,17,39,51,39,40,46,12,41,25,29,45,35
mmu-miR-185-5p,338,269,319,425,615,727,794,898,801,403,609,425,495,947,880
mmu-miR-186-3p,15,12,13,14,18,16,38,25,14,12,23,15,4,7,21
mmu-miR-186-5p,20923,15983,19843,16686,30072,28368,26031,25284,28340,17565,30165,22565,10050,18531,16557
mmu-miR-187-3p,1246,802,1147,2142,3197,3375,5255,5652,3632,1587,2950,1965,2647,4534,3189
mmu-miR-187-5p,41,17,31,30,81,92,60,89,102,55,69,43,76,145,100
mmu-miR-188-3p,18,15,14,12,35,28,21,22,18,8,23,16,11,16,11
mmu-miR-188-5p,193,124,162,127,395,322,309,272,257,96,207,207,115,183,193
mmu-miR-18a-3p,103,85,88,75,137,154,119,137,94,90,171,141,12,35,10
mmu-miR-18a-5p,476,380,384,430,567,551,1371,1197,304,203,446,250,67,90,86
mmu-miR-18b-3p,0,0,0,0,4,2,4,6,2,0,0,0,3,0,11
mmu-miR-18b-5p,0,2,7,2,8,9,19,3,6,2,0,4,7,10,9
mmu-miR-190a-3p,26,14,12,12,93,71,90,67,43,19,45,23,49,54,84
mmu-miR-190a-5p,265,148,126,145,994,1002,1384,996,576,164,343,145,655,1224,1606
mmu-miR-190b-3p,0,0,0,0,0,0,0,0,0,0,0,0,2,0,0
mmu-miR-190b-5p,36,27,43,27,28,42,70,60,34,19,30,25,29,26,30
mmu-miR-191-3p,208,138,181,148,262,316,253,257,315,181,327,262,87,167,157
mmu-miR-191-5p,224434,176171,247560,197425,220984,252567,195281,224005,279632,197871,313722,251293,78763,135335,114305
mmu-miR-192-3p,115,84,87,115,286,330,325,291,336,174,305,187,228,297,298
mmu-miR-192-5p,357911,277613,303623,328237,983591,1101101,913712,965686,1032466,429359,739918,713708,595469,1111839,1007526
mmu-miR-1927,7,10,13,7,14,28,21,15,14,9,16,11,9,3,7
mmu-miR-1929-5p,0,0,0,0,0,2,3,0,0,0,0,0,0,0,0
mmu-miR-1930-5p,2,0,4,6,12,4,2,6,4,7,4,0,0,2,0
mmu-miR-1932,0,2,4,3,0,0,0,0,0,0,2,3,0,2,2
mmu-miR-1933-3p,16,11,25,16,37,28,38,23,31,11,27,26,9,15,14
mmu-miR-1933-5p,0,0,0,0,0,0,0,2,0,0,2,0,0,2,0
mmu-miR-1934-3p,0,2,0,0,0,0,0,2,2,0,0,0,0,0,0
mmu-miR-1934-5p,17,13,18,12,18,18,20,21,36,9,32,24,10,16,15
mmu-miR-1936,0,0,0,0,0,2,0,0,0,0,0,0,0,0,0
mmu-miR-1938,0,0,0,0,0,0,0,0,2,0,0,0,0,0,0
mmu-miR-193a-3p,425,316,315,311,1560,1414,1508,1413,1355,283,831,627,1057,1588,1379
mmu-miR-193a-5p,7,4,5,6,32,42,24,42,54,19,20,24,34,40,43
mmu-miR-193b-3p,457,349,539,433,383,406,465,442,493,275,452,336,270,336,396
mmu-miR-193b-5p,0,0,0,2,2,6,0,0,2,0,3,2,0,0,0
mmu-miR-194-1-3p,0,0,0,0,0,0,0,0,2,0,0,0,0,0,0
mmu-miR-194-2-3p,48,46,79,57,157,203,163,179,206,96,149,114,123,259,196
mmu-miR-194-5p,10500,7117,7906,8693,28564,31152,26260,26325,30242,12082,22862,18227,17076,32297,25707
mmu-miR-1941-3p,0,0,4,3,2,3,0,0,4,0,6,2,2,2,7
mmu-miR-1941-5p,0,0,0,2,0,0,0,0,0,2,2,0,0,0,2
mmu-miR-1943-3p,8,6,10,0,4,9,5,5,11,3,3,10,0,2,2
mmu-miR-1943-5p,79,65,74,25,134,112,82,58,117,77,150,92,32,59,47
mmu-miR-1945,10,7,7,3,8,11,4,5,7,4,4,12,0,2,0
mmu-miR-1946b,0,0,0,2,0,0,0,0,0,0,0,0,0,0,0
mmu-miR-1947-3p,0,0,2,0,0,0,0,0,0,0,0,0,0,2,0
mmu-miR-1947-5p,143,87,178,111,287,310,221,222,308,139,286,226,142,284,198
mmu-miR-1948-3p,11,15,18,14,38,54,36,50,46,18,53,35,45,67,32
mmu-miR-1948-5p,6,0,2,2,12,10,11,16,11,8,10,0,7,25,16
mmu-miR-1949,5,0,4,3,2,0,0,2,4,4,6,2,0,0,2
mmu-miR-1954,2,0,7,2,16,12,11,7,6,2,6,5,2,5,0
mmu-miR-1955-3p,8,2,2,0,12,5,8,8,8,6,4,4,2,0,5
mmu-miR-1955-5p,12,11,19,8,22,23,16,30,27,13,33,21,5,28,12
mmu-miR-1956,7,9,10,6,11,6,0,4,11,2,14,13,0,0,0
mmu-miR-1957a,88,67,144,73,69,42,32,65,44,34,39,32,64,67,85
mmu-miR-1958,0,0,0,2,0,2,0,0,0,0,0,0,0,0,0
mmu-miR-195a-3p,444,464,626,367,364,449,289,321,414,291,458,485,106,164,165
mmu-miR-195a-5p,11033,8837,10564,9782,7595,8413,9604,10071,8884,5289,9385,6060,2826,3334,3830
mmu-miR-1960,3,4,11,6,7,18,4,8,14,0,13,10,0,6,2
mmu-miR-1964-3p,92,84,145,84,173,187,110,130,146,84,199,177,38,104,75
mmu-miR-1964-5p,0,2,3,0,2,2,4,4,3,0,0,3,0,0,0
mmu-miR-1966-3p,6,3,5,0,8,5,7,0,8,3,7,5,0,0,0
mmu-miR-1968-3p,0,0,0,2,0,0,0,0,0,0,0,0,0,0,0
mmu-miR-1968-5p,39,28,22,32,121,123,100,121,110,38,90,58,77,200,102
mmu-miR-196a-1-3p,83,53,69,64,111,104,95,126,112,64,114,83,49,61,57
mmu-miR-196a-2-3p,142,116,127,95,134,130,134,114,141,75,141,142,52,96,133
mmu-miR-196a-5p,12049,10226,14873,12022,9825,10565,11250,12668,13386,9718,13586,10567,4764,8620,7844
mmu-miR-196b-3p,87,58,73,57,66,78,86,60,60,32,80,40,27,39,58
mmu-miR-196b-5p,12350,9743,14571,12024,11374,12895,13138,13023,16067,11133,15962,12236,5668,10257,8973
mmu-miR-1981-3p,242,189,249,215,423,497,261,272,639,336,507,446,255,524,387
mmu-miR-1981-5p,183,145,168,134,254,299,249,282,310,209,262,232,142,283,188
mmu-miR-1982-3p,25,11,14,8,17,24,19,30,31,26,25,29,8,24,18
mmu-miR-1983,9,9,17,8,56,62,67,74,31,28,43,27,11,12,89
mmu-miR-199a-3p,134757,93415,122318,106853,49424,54984,49490,53076,68348,46275,89023,79621,13609,15365,19033
mmu-miR-199a-5p,26567,20335,23842,20082,10090,10497,9270,9857,12796,10367,20088,15228,1516,1921,2173
mmu-miR-199b-3p,134719,93386,122283,106839,49402,54972,49482,53059,68330,46267,89005,79603,13607,15365,19033
mmu-miR-199b-5p,1042,836,967,746,448,387,498,517,489,368,664,479,85,109,151
mmu-miR-19a-3p,243,149,140,110,398,256,393,268,134,91,220,121,38,61,104
mmu-miR-19a-5p,5,0,0,2,10,5,2,2,4,2,5,3,0,0,3
mmu-miR-19b-1-5p,6,4,4,7,9,6,8,3,10,4,4,2,2,2,0
mmu-miR-19b-3p,3724,2504,2869,2171,3408,2722,3600,2996,2133,1666,3258,2473,740,1126,1506
mmu-miR-1a-3p,12,13,13,7,16,15,9,20,10,2,10,10,5,22,12
mmu-miR-1b-3p,0,2,2,0,0,5,2,4,2,0,5,2,0,0,0
mmu-miR-1b-5p,0,0,2,0,0,0,0,0,0,0,0,0,0,0,2
mmu-miR-200a-3p,22444,14479,16280,15457,28131,28612,29089,26761,26923,13365,27175,17647,12346,20848,20329
mmu-miR-200a-5p,1179,917,1343,941,1490,1488,1210,1266,1396,786,1517,1491,660,1111,823
mmu-miR-200b-3p,52196,35432,43494,38044,71271,80796,64711,68549,87068,47685,91591,63770,30508,49289,45080
mmu-miR-200b-5p,469,310,410,380,615,615,518,509,684,340,645,508,277,442,365
mmu-miR-200c-3p,4707,3165,4601,3977,2834,3266,3267,3614,4547,2849,4804,3399,1326,2154,1895
mmu-miR-200c-5p,12,7,14,23,7,15,16,12,10,4,11,8,3,0,0
mmu-miR-201-5p,18,7,17,15,10,4,5,12,8,5,22,6,3,4,7
mmu-miR-203-3p,4548,3614,4887,4023,6315,7349,6686,6997,8109,3907,6285,5450,5165,9135,8249
mmu-miR-203-5p,30,17,28,22,47,42,50,39,39,21,31,38,32,53,58
mmu-miR-204-3p,5,0,0,4,2,6,0,4,2,0,2,4,0,0,0
mmu-miR-204-5p,12323,11196,14223,10705,7577,8610,6702,7260,12955,8551,13328,14851,2152,3822,2979
mmu-miR-205-3p,14,25,63,8,3,2,6,22,0,0,8,0,0,0,0
mmu-miR-205-5p,1893,3060,7862,2108,620,593,720,2973,818,216,925,226,348,1227,1439
mmu-miR-206-3p,5,2,2,0,0,6,0,0,0,0,0,0,0,0,0
mmu-miR-208a-3p,4,5,0,3,2,2,6,0,5,0,2,3,0,0,4
mmu-miR-208b-3p,0,0,0,0,2,2,4,2,2,0,0,0,0,0,0
mmu-miR-20a-3p,63,16,50,43,85,73,73,89,68,42,78,57,15,23,17
mmu-miR-20a-5p,1885,1341,1651,1482,2805,2967,3370,2864,2066,1422,2263,1686,639,1017,1103
mmu-miR-20b-3p,0,0,0,0,13,2,3,3,2,0,0,0,9,6,2
mmu-miR-20b-5p,38,17,32,37,97,126,139,125,143,53,55,39,147,232,196
mmu-miR-210-3p,1067,597,1575,1120,819,690,936,1015,571,294,598,448,312,286,465
mmu-miR-210-5p,91,37,158,66,111,72,73,91,56,31,64,44,35,30,41
mmu-miR-211-5p,3,6,5,6,3,3,0,2,0,2,7,0,0,3,0
mmu-miR-212-3p,1523,1158,1873,1177,1221,1248,1077,1409,704,668,1686,1276,56,96,89
mmu-miR-212-5p,530,456,654,430,349,352,388,401,259,245,650,433,24,25,35
mmu-miR-2137,66,82,72,65,50,83,48,51,66,53,77,40,22,42,50
mmu-miR-214-3p,9345,7936,9528,7144,4103,4782,3872,3798,4568,3680,6576,5885,381,475,506
mmu-miR-214-5p,1619,1210,1522,1214,760,814,638,643,845,634,1243,1016,100,103,108
mmu-miR-215-3p,0,0,0,0,0,0,0,2,0,0,0,0,0,0,0
mmu-miR-215-5p,45,34,45,65,102,97,77,75,77,30,75,70,53,67,71
mmu-miR-218-1-3p,58,37,57,35,51,44,43,37,56,36,64,47,32,34,40
mmu-miR-218-2-3p,0,0,2,0,0,0,0,0,0,0,2,0,0,0,0
mmu-miR-218-5p,3032,1878,2929,2212,2459,3015,3017,2929,2981,1668,2784,2073,1381,2016,1957
mmu-miR-219a-1-3p,39,37,50,50,70,47,40,56,65,47,63,61,28,37,31
mmu-miR-219a-2-3p,0,0,0,0,0,5,0,0,0,0,0,0,0,0,2
mmu-miR-219a-5p,8,0,5,3,15,16,14,12,4,6,9,6,0,5,9
mmu-miR-219b-3p,0,0,2,0,0,0,2,0,0,0,0,0,0,0,0
mmu-miR-219b-5p,0,2,2,0,0,0,0,0,0,0,0,0,0,0,0
mmu-miR-219c-3p,2,2,5,3,5,0,5,3,2,0,2,0,0,0,0
mmu-miR-219c-5p,0,0,0,0,2,2,0,3,0,0,0,2,0,0,0
mmu-miR-21a-3p,6304,4424,5292,2933,14021,10482,10010,7432,3679,1419,5772,5055,600,941,978
mmu-miR-21a-5p,952283,661023,847825,588064,980706,986645,1019484,908252,595755,477223,989195,852330,57175,99701,97786
mmu-miR-21b,0,0,2,2,0,0,0,0,0,0,0,0,0,0,0
mmu-miR-22-3p,1060429,737882,935798,895631,1805321,1830699,1528171,1620171,1751729,912187,1827629,1388445,699476,1429825,1119090
mmu-miR-22-5p,739,629,810,682,952,1059,1111,1182,972,515,928,737,468,742,687
mmu-miR-221-3p,15289,11406,15884,16246,14720,17428,19185,20128,18555,12893,17889,13457,8151,14083,11136
mmu-miR-221-5p,825,547,799,546,911,829,738,821,974,724,1149,797,216,381,366
mmu-miR-222-3p,9137,6900,8946,6967,10920,13064,7932,8575,10695,7009,12359,11987,3228,7290,4805
mmu-miR-222-5p,129,95,165,109,167,173,124,158,197,104,218,244,54,89,72
mmu-miR-223-3p,3829,2780,3281,2694,4542,4454,3394,3941,3025,2445,4833,3683,251,392,402
mmu-miR-223-5p,58,54,54,46,49,47,36,51,37,42,73,49,0,0,0
mmu-miR-224-3p,0,0,0,0,4,0,0,0,0,0,2,3,0,0,0
mmu-miR-224-5p,594,372,575,450,412,433,420,468,280,246,617,390,83,81,93
mmu-miR-23a-3p,21949,16943,22675,17094,14438,15413,13943,15672,16334,12123,19061,13303,5981,7654,8864
mmu-miR-23a-5p,3,2,2,3,6,3,5,0,2,2,0,4,0,0,2
mmu-miR-23b-3p,58354,48306,66509,44547,34258,42690,35160,42028,42657,33819,49646,36709,16545,24488,21912
mmu-miR-23b-5p,15,2,11,3,15,8,11,4,9,7,14,14,5,5,2
mmu-miR-24-1-5p,173,135,149,98,130,168,110,121,178,111,179,142,58,79,99
mmu-miR-24-2-5p,5462,4289,4981,3870,4069,4158,3595,4045,4471,3228,5498,3994,1125,1581,1781
mmu-miR-24-3p,25862,18861,24265,21170,16738,18743,18012,18383,20781,13939,22996,15752,8181,11392,11597
mmu-miR-25-3p,35323,29108,40085,30881,25507,28500,28023,29458,29822,19977,38054,36534,8683,12463,10274
mmu-miR-25-5p,70,48,92,61,113,113,82,110,84,71,160,126,16,34,19
mmu-miR-26a-1-3p,19,23,43,58,27,33,57,45,30,27,36,28,15,21,11
mmu-miR-26a-2-3p,119,74,154,128,108,126,198,202,126,79,128,101,23,51,51
mmu-miR-26a-5p,715644,545506,752160,609791,633057,674157,563516,642082,832645,498227,885823,672961,273835,491765,449091
mmu-miR-26b-3p,538,374,502,498,644,659,686,711,770,365,707,614,265,521,382
mmu-miR-26b-5p,76457,57285,72624,59601,89922,102512,95251,97979,105318,56961,95654,71394,44332,75234,67473
mmu-miR-27a-3p,45164,32993,41702,30888,38224,41773,32303,35239,38569,22880,43795,34071,14468,22704,22949
mmu-miR-27a-5p,211,124,208,120,174,208,148,162,191,104,187,167,32,58,46
mmu-miR-27b-3p,630566,466274,673223,479545,583430,622068,495259,531368,604891,374969,694581,592338,214534,358182,340566
mmu-miR-27b-5p,822,662,998,598,657,609,583,651,657,421,788,895,159,319,234
mmu-miR-28a-3p,1672,1696,2238,1537,1557,1697,1752,1959,1815,1389,1914,1736,523,949,714
mmu-miR-28a-5p,6297,4519,6342,4715,6640,7172,5871,6197,7688,4702,9207,7549,1661,3353,2644
mmu-miR-28c,0,0,0,0,0,0,0,0,0,0,2,0,0,0,0
mmu-miR-295-3p,5,2,0,0,0,3,0,0,0,0,2,0,0,0,0
mmu-miR-296-3p,34,29,55,37,35,38,49,31,12,6,34,32,2,0,0
mmu-miR-296-5p,76,67,102,57,29,35,37,31,43,23,39,36,9,0,6
mmu-miR-297a-3p,9,12,17,15,12,17,7,20,4,8,12,11,2,0,0
mmu-miR-297a-5p,5,2,4,2,6,7,7,5,3,0,0,4,0,0,0
mmu-miR-297b-3p,9,12,17,15,12,17,7,20,4,8,12,11,2,0,0
mmu-miR-297b-5p,2,2,0,0,0,2,0,2,0,3,0,0,0,0,2
mmu-miR-297c-3p,9,12,17,15,12,17,7,20,4,8,12,11,2,0,0
mmu-miR-297c-5p,2,2,0,0,0,0,0,0,0,0,0,2,0,0,0
mmu-miR-298-3p,0,0,0,0,0,0,0,0,0,0,0,3,0,0,0
mmu-miR-298-5p,959,663,1262,784,872,876,817,820,592,656,1210,917,21,35,15
mmu-miR-299a-3p,7,18,28,5,10,17,15,11,0,2,5,3,0,3,0
mmu-miR-299a-5p,4,2,7,0,2,0,4,4,4,2,8,2,0,0,0
mmu-miR-29a-3p,34759,24639,32715,30979,50276,51761,48888,50403,48451,25030,51243,35028,25806,38544,39984
mmu-miR-29a-5p,105,80,58,90,135,138,139,142,111,55,112,64,91,107,144
mmu-miR-29b-1-5p,31,22,20,30,26,27,34,22,34,12,21,28,10,27,13
mmu-miR-29b-2-5p,20,15,26,26,54,49,39,65,55,36,61,36,25,58,46
mmu-miR-29b-3p,1024,615,718,678,2282,2150,2500,2084,1648,764,1530,863,1187,1492,1960
mmu-miR-29c-3p,3141,2183,2535,2692,8900,8538,8402,7823,7305,3009,6346,4270,4826,7249,7452
mmu-miR-29c-5p,102,82,115,147,245,250,289,278,340,130,229,160,210,271,265
mmu-miR-300-3p,117,198,324,104,91,137,129,181,95,55,139,116,27,48,41
mmu-miR-301a-3p,5197,3077,3149,2160,7036,5498,5298,3357,4156,2326,4646,3830,1225,2011,2897
mmu-miR-301a-5p,26,19,46,23,33,39,49,41,42,23,35,39,6,19,10
mmu-miR-301b-3p,36,39,42,23,87,74,59,42,45,28,66,63,2,4,2
mmu-miR-301b-5p,0,0,0,0,0,0,2,0,0,0,0,0,0,0,0
mmu-miR-3057-3p,3,0,2,2,0,2,0,2,0,0,2,0,0,0,0
mmu-miR-3057-5p,88,49,86,70,141,172,141,156,82,59,171,101,39,87,73
mmu-miR-3058-3p,7,10,5,6,17,23,11,8,18,0,13,11,2,12,9
mmu-miR-3058-5p,0,0,0,2,2,5,3,5,6,2,7,2,2,0,6
mmu-miR-3059-5p,0,0,2,0,0,0,0,0,0,0,0,0,0,0,0
mmu-miR-3060-3p,28,31,38,25,52,51,46,36,72,20,57,54,18,20,37
mmu-miR-3061-3p,28,16,36,20,54,38,41,43,35,22,29,36,16,35,32
mmu-miR-3061-5p,6,9,8,5,14,16,26,28,14,12,17,24,12,18,9
mmu-miR-3062-5p,0,0,0,0,0,0,0,2,0,0,0,0,0,5,0
mmu-miR-3063-3p,0,0,0,0,2,0,0,2,0,0,0,0,0,0,0
mmu-miR-3064-3p,0,0,0,0,0,2,3,0,0,0,0,4,0,0,2
mmu-miR-3064-5p,6,2,2,4,0,0,4,7,4,2,0,8,0,6,2
mmu-miR-3065-3p,0,0,0,0,0,0,0,0,2,0,0,0,0,0,0
mmu-miR-3065-5p,0,0,0,0,0,0,2,0,0,4,0,0,0,0,0
mmu-miR-3066-3p,2,0,0,0,3,2,0,2,3,3,2,0,0,0,2
mmu-miR-3066-5p,20,11,14,12,21,15,10,11,13,14,24,17,6,2,8
mmu-miR-3068-3p,565,355,503,358,707,742,596,642,774,427,719,608,553,776,881
mmu-miR-3068-5p,43,38,40,32,60,54,67,66,76,26,53,34,18,28,44
mmu-miR-3069-3p,9,2,2,3,5,8,5,6,2,2,3,13,0,5,2
mmu-miR-3069-5p,2,0,0,2,3,0,0,0,2,0,2,0,0,0,0
mmu-miR-3073a-3p,0,0,0,0,9,6,10,5,7,0,8,4,4,14,9
mmu-miR-3073b-3p,31,17,11,33,185,232,184,206,226,60,91,72,162,339,269
mmu-miR-3073b-5p,21,3,16,21,94,127,99,108,129,29,58,51,111,247,183
mmu-miR-3074-1-3p,11,7,17,12,16,25,18,20,12,6,20,14,0,5,3
mmu-miR-3074-5p,17,11,28,14,19,34,22,34,34,26,37,34,8,16,12
mmu-miR-3075-5p,2,0,0,5,3,0,2,0,3,4,0,3,0,2,0
mmu-miR-3076-3p,18,14,15,6,24,21,22,7,30,15,21,18,14,16,16
mmu-miR-3076-5p,2,0,0,0,0,2,0,0,0,0,0,0,0,0,0
mmu-miR-3077-3p,2,0,2,0,4,3,0,0,3,0,0,2,0,0,0
mmu-miR-3079-3p,0,0,2,0,2,0,4,3,2,0,3,2,0,0,0
mmu-miR-3079-5p,2,4,5,2,0,7,5,4,2,2,6,4,0,0,0
mmu-miR-3081-3p,0,6,4,2,4,0,5,0,2,2,4,4,0,2,3
mmu-miR-3082-3p,120,88,156,98,150,143,119,107,177,100,153,137,65,84,90
mmu-miR-3082-5p,0,0,0,0,0,0,3,0,0,0,0,0,0,0,2
mmu-miR-3083-3p,0,2,0,0,0,2,0,0,2,0,0,0,0,0,0
mmu-miR-3083-5p,10,0,11,4,2,0,0,7,5,2,11,13,0,2,4
mmu-miR-3084-3p,44,26,41,45,55,71,63,46,76,36,65,76,17,28,39
mmu-miR-3084-5p,9,0,8,8,9,4,16,16,12,9,9,7,8,12,6
mmu-miR-3085-3p,0,0,0,0,0,0,0,0,2,0,0,0,0,0,0
mmu-miR-3086-3p,0,0,0,0,2,3,2,0,2,0,2,0,0,0,0
mmu-miR-3086-5p,24,26,40,39,23,20,19,30,36,37,29,41,10,17,17
mmu-miR-3087-3p,2,0,2,0,0,3,0,3,0,0,0,2,3,0,2
mmu-miR-3087-5p,0,0,0,0,2,0,0,0,0,0,2,0,0,0,0
mmu-miR-3088-3p,0,0,0,0,0,0,2,0,0,0,0,0,0,0,0
mmu-miR-3089-3p,8,7,11,7,13,18,18,16,19,8,16,11,0,0,4
mmu-miR-3091-3p,2,0,3,0,2,0,0,2,0,0,2,0,0,0,0
mmu-miR-3091-5p,0,0,0,0,0,0,4,0,0,0,0,0,2,0,0
mmu-miR-3092-3p,0,0,0,0,2,5,3,0,0,0,0,0,0,0,0
mmu-miR-3094-3p,0,0,0,2,0,0,0,0,0,0,0,0,0,0,0
mmu-miR-3094-5p,0,0,0,0,0,0,0,2,0,0,0,0,0,0,0
mmu-miR-3095-3p,3,0,2,0,0,0,0,0,0,0,0,0,0,0,0
mmu-miR-3095-5p,0,2,0,0,0,0,0,0,0,0,0,0,0,0,0
mmu-miR-3097-3p,0,0,2,0,0,0,0,0,0,0,0,0,0,0,0
mmu-miR-3098-3p,3,3,7,5,8,13,9,9,14,5,8,0,2,2,2
mmu-miR-3098-5p,2,4,0,0,17,13,11,4,21,4,9,12,2,7,10
mmu-miR-3099-3p,2,0,2,0,0,6,0,3,2,2,2,2,0,0,0
mmu-miR-30a-3p,13636,12459,17361,13564,15356,16750,15305,16951,21476,11747,19485,17982,11023,17830,15447
mmu-miR-30a-5p,580003,424531,549239,433221,806194,815067,823757,772600,767262,396863,738913,642718,404017,590785,683092
mmu-miR-30b-3p,213,140,199,155,289,257,235,197,272,152,288,247,98,149,134
mmu-miR-30b-5p,31466,22447,26964,24287,37559,39406,37064,37423,41532,20370,37621,29437,17321,26156,26182
mmu-miR-30c-1-3p,687,370,615,611,1218,1047,933,1099,1678,741,1285,1158,501,1120,795
mmu-miR-30c-2-3p,2331,1861,2559,2079,2579,2587,2634,2843,3058,1939,3380,3026,1188,2203,1827
mmu-miR-30c-5p,88903,64808,77708,78835,154641,166650,144796,153898,228365,103009,169435,130192,89990,171803,142504
mmu-miR-30d-3p,1629,1027,1555,1137,2242,1864,1811,1654,2035,984,1958,1669,814,1258,1386
mmu-miR-30d-5p,202165,136705,199819,170399,244965,251596,231656,247670,285733,164024,294462,232883,118857,180385,178191
mmu-miR-30e-3p,8232,7487,9101,6950,11278,12108,9380,10015,17458,8182,12434,12361,7477,13018,11384
mmu-miR-30e-5p,89563,53332,65242,63598,181230,166908,182716,153241,191086,78304,132567,94356,105059,167157,199650
mmu-miR-30f,7,5,4,19,5,6,6,9,9,3,7,8,13,10,2
mmu-miR-31-3p,89,59,105,94,27,30,61,46,17,5,27,37,8,0,15
mmu-miR-31-5p,4088,3215,5986,3117,1669,1615,1735,2030,1109,882,2324,1788,269,254,469
mmu-miR-3100-3p,2,0,0,0,0,0,0,0,0,0,3,0,0,0,0
mmu-miR-3101-5p,0,0,0,0,0,2,4,0,2,4,2,0,0,0,0
mmu-miR-3102-3p,184,132,195,173,119,115,130,166,203,119,181,168,81,86,61
mmu-miR-3102-3p.2-3p,91,136,114,79,68,79,53,42,84,68,114,108,16,13,13
mmu-miR-3102-5p,4,2,3,0,0,0,6,11,0,0,7,5,0,0,0
mmu-miR-3102-5p.2-5p,15,20,22,12,24,24,20,23,17,13,39,25,0,9,3
mmu-miR-3103-3p,6,5,4,4,14,8,2,8,25,8,20,10,0,4,5
mmu-miR-3103-5p,0,2,0,0,0,0,0,0,2,0,0,4,0,0,0
mmu-miR-3105-3p,205,84,100,127,305,356,270,270,318,132,322,202,139,241,276
mmu-miR-3105-5p,12,0,4,9,8,15,23,11,9,5,14,3,5,3,9
mmu-miR-3106-5p,0,0,0,0,0,0,0,0,0,2,0,0,0,0,0
mmu-miR-3108-5p,0,0,0,3,2,4,3,2,0,0,2,3,0,0,0
mmu-miR-3109-3p,12,16,8,7,10,9,10,5,6,5,16,25,0,5,0
mmu-miR-3109-5p,4,0,0,4,2,2,2,0,0,0,0,0,0,0,0
mmu-miR-3110-5p,0,0,0,2,0,2,2,5,2,0,5,0,0,0,0
mmu-miR-3112-5p,0,0,0,0,0,0,0,0,0,0,2,0,0,0,0
mmu-miR-3154,0,0,0,0,0,4,0,2,0,0,3,0,0,0,0
mmu-miR-32-3p,40,22,30,24,63,70,53,45,78,32,61,42,16,52,39
mmu-miR-32-5p,701,330,379,403,1008,1097,1110,900,792,344,867,518,463,655,693
mmu-miR-320-3p,4979,4033,5890,4982,5177,5864,6060,6229,5684,4845,6439,5094,2188,4252,3093
mmu-miR-320-5p,2,2,0,0,0,2,0,0,0,0,0,0,2,0,0
mmu-miR-322-3p,2951,2099,3014,2457,3429,4015,3013,3277,4066,2210,4174,3771,1287,2502,2112
mmu-miR-322-5p,9088,6608,7608,5391,11642,11536,8383,8134,11781,6347,12003,7916,3459,5966,6399
mmu-miR-323-3p,0,3,6,2,0,3,3,8,2,0,0,3,0,0,2
mmu-miR-324-3p,381,338,526,393,405,382,354,381,493,231,451,375,179,342,251
mmu-miR-324-5p,879,614,782,742,661,833,833,906,714,466,734,424,408,547,523
mmu-miR-326-3p,2149,1630,1426,2047,1578,1799,1717,1796,2227,939,2243,1485,674,959,964
mmu-miR-328-3p,2600,2116,2788,2763,3405,3964,3252,3655,4409,2289,4220,3704,1853,3385,2631
mmu-miR-329-3p,3,7,24,2,0,0,4,9,5,0,6,2,0,0,0
mmu-miR-329-5p,7,12,23,0,9,4,10,6,8,5,9,7,0,2,2
mmu-miR-33-3p,38,43,56,61,66,63,114,88,57,35,58,36,35,46,44
mmu-miR-33-5p,48,30,25,20,129,88,130,97,61,24,61,46,52,61,113
mmu-miR-330-3p,314,231,268,220,277,324,293,281,282,226,402,271,65,121,84
mmu-miR-330-5p,1530,1034,1393,1301,2121,2215,1817,1853,2105,1367,2660,2031,448,716,667
mmu-miR-331-3p,1211,1071,1212,1126,1038,1203,1418,1354,1289,717,1456,899,433,473,565
mmu-miR-331-5p,23,21,35,14,37,27,43,42,31,25,37,27,11,19,13
mmu-miR-335-3p,643,429,567,552,830,1008,1059,1116,938,391,822,541,208,323,303
mmu-miR-335-5p,521,389,437,318,783,775,767,713,761,377,741,416,239,417,402
mmu-miR-337-3p,0,7,16,4,4,7,7,10,4,2,3,2,0,2,8
mmu-miR-337-5p,10,24,59,11,15,19,20,26,10,3,16,15,5,8,2
mmu-miR-338-3p,438,388,483,328,645,615,544,629,546,320,641,403,230,418,444
mmu-miR-338-5p,45,30,53,47,41,50,68,70,51,20,59,44,30,41,41
mmu-miR-339-3p,832,647,1142,663,988,1126,874,805,1151,589,1159,949,704,1221,822
mmu-miR-339-5p,1202,878,1085,1003,1244,1289,1050,1200,1368,637,1268,1062,758,1210,1042
mmu-miR-340-3p,462,422,507,348,559,529,496,521,622,446,712,589,120,291,203
mmu-miR-340-5p,12079,10006,9579,7063,12346,12731,12954,11816,9483,4476,10853,9176,3136,5180,5990
mmu-miR-341-3p,14,86,68,7,35,37,49,73,14,11,11,12,0,2,2
mmu-miR-342-3p,4505,4135,5283,3835,1962,2458,1884,2193,3172,2699,3975,3622,408,595,563
mmu-miR-342-5p,77,65,94,58,39,66,36,53,55,41,102,94,7,4,5
mmu-miR-344-3p,102,75,111,71,61,50,42,61,58,49,111,90,4,5,5
mmu-miR-344b-3p,0,0,2,0,2,0,0,0,2,0,2,0,2,0,0
mmu-miR-344c-3p,0,0,0,0,0,2,0,0,0,0,4,0,0,0,0
mmu-miR-344d-3p,2,2,11,7,4,0,3,2,0,3,4,3,2,0,0
mmu-miR-345-3p,525,387,531,547,591,637,785,775,713,420,653,480,359,621,455
mmu-miR-345-5p,561,376,392,459,629,657,780,724,620,282,618,373,398,415,464
mmu-miR-346-3p,0,0,0,0,2,0,0,0,0,0,0,0,0,0,0
mmu-miR-346-5p,22,23,32,31,23,63,27,24,47,16,37,30,7,14,12
mmu-miR-3470a,4,8,8,3,12,7,5,5,11,0,0,5,95,75,95
mmu-miR-3470b,22,13,25,24,25,20,40,26,32,15,22,33,319,169,329
mmu-miR-3471,0,0,0,0,0,0,0,0,0,0,0,0,3,2,0
mmu-miR-3473a,0,0,0,0,0,0,0,0,0,0,0,0,2,0,3
mmu-miR-3473b,17,11,14,4,14,12,9,14,10,5,20,28,21,22,13
mmu-miR-3473c,0,0,0,0,0,0,0,0,0,0,2,0,0,0,0
mmu-miR-3473d,35,25,42,17,101,99,72,67,54,38,88,95,13,49,26
mmu-miR-3473e,19,9,12,2,11,10,2,10,8,5,13,18,17,16,4
mmu-miR-3473g,0,2,3,0,5,7,4,6,5,3,6,4,0,7,2
mmu-miR-3474,0,0,0,2,0,0,0,2,2,2,2,0,0,4,4
mmu-miR-3475-3p,140,78,135,78,32,33,14,33,39,36,77,73,23,22,15
mmu-miR-34a-3p,8,4,5,5,0,6,5,8,13,3,10,3,4,0,2
mmu-miR-34a-5p,1150,1024,1289,1279,1039,1319,1470,1422,1728,1104,1722,1014,630,435,1026
mmu-miR-34b-3p,209,179,265,190,192,196,180,216,187,146,226,203,46,60,55
mmu-miR-34b-5p,134,143,150,110,140,141,168,121,108,68,128,117,49,33,65
mmu-miR-34c-3p,204,155,269,173,129,143,117,137,151,136,228,150,22,31,30
mmu-miR-34c-5p,5264,3981,5584,3852,5751,5330,5420,4928,4533,3004,6102,4816,1014,1258,1591
mmu-miR-350-3p,283,239,297,294,248,300,259,305,229,154,280,214,60,65,90
mmu-miR-350-5p,230,183,241,177,197,215,163,176,220,134,247,246,35,57,59
mmu-miR-351-3p,7,6,8,8,19,16,13,19,20,8,23,15,2,2,5
mmu-miR-351-5p,14955,10593,16585,13876,23265,23740,20422,21751,21778,14374,25442,19943,4735,9256,7501
mmu-miR-3535,370,310,383,333,284,312,314,322,403,344,508,404,116,208,198
mmu-miR-3544-5p,0,0,0,0,0,2,0,0,0,0,0,0,0,0,2
mmu-miR-3547-3p,6,4,16,9,10,13,10,14,8,2,12,0,8,10,12
mmu-miR-3569-3p,0,3,0,0,0,0,2,2,0,0,4,0,0,0,0
mmu-miR-3572-3p,9,7,14,0,13,2,4,11,20,7,8,14,6,5,4
mmu-miR-3572-5p,0,0,0,0,0,0,0,0,0,0,2,0,0,0,0
mmu-miR-361-3p,871,603,973,707,942,1003,871,918,1134,668,1277,1148,369,657,541
mmu-miR-361-5p,1946,1492,1894,1575,2227,2482,2161,2227,2427,1538,2637,1789,762,1218,1116
mmu-miR-3618-5p,0,0,0,0,0,0,0,0,0,0,0,2,0,0,0
mmu-miR-362-3p,275,197,235,200,289,269,312,282,220,117,253,188,102,161,166
mmu-miR-362-5p,63,51,74,65,123,110,132,112,81,63,100,78,45,58,58
mmu-miR-363-3p,101,76,80,101,402,431,369,384,414,158,300,188,277,482,447
mmu-miR-363-5p,3,0,4,0,10,2,10,20,17,2,10,8,8,12,13
mmu-miR-365-1-5p,4,2,5,0,3,0,0,0,0,0,0,0,0,0,0
mmu-miR-365-2-5p,10,9,9,10,72,45,35,46,78,17,33,31,22,83,40
mmu-miR-365-3p,653,515,717,804,1956,1985,1904,2231,2165,1089,1663,1165,1185,2074,1736
mmu-miR-369-3p,12,38,22,8,4,9,12,22,7,0,4,9,4,4,0
mmu-miR-369-5p,6,14,17,8,7,6,6,9,15,3,17,9,0,4,2
mmu-miR-370-3p,4,3,6,2,0,6,5,7,2,0,0,0,0,2,2
mmu-miR-374b-5p,837,498,627,1061,1075,1020,1925,2036,1233,572,1295,663,375,698,590
mmu-miR-375-3p,9869,7242,10826,8014,6972,6949,5693,6131,8680,6609,15458,13124,784,1406,1009
mmu-miR-375-5p,0,2,0,0,0,0,0,0,0,0,0,0,0,0,0
mmu-miR-376a-3p,0,3,6,8,0,0,2,2,3,2,0,0,0,0,0
mmu-miR-376a-5p,0,4,3,0,0,2,5,4,2,0,0,0,0,0,4
mmu-miR-376b-3p,4,15,13,2,9,5,12,13,5,2,6,2,0,2,2
mmu-miR-376b-5p,13,8,20,3,13,3,7,18,6,0,5,8,0,6,5
mmu-miR-376c-3p,7,14,16,4,9,10,9,10,14,6,6,10,3,6,0
mmu-miR-377-3p,4,6,14,0,4,3,3,6,0,0,5,5,0,0,2
mmu-miR-377-5p,0,0,0,0,2,0,5,2,0,0,0,2,0,0,2
mmu-miR-378a-3p,124411,100710,129033,115241,215521,230808,208489,220180,233671,120333,195364,189781,121545,202647,183498
mmu-miR-378a-5p,930,799,726,726,1480,1682,1303,1416,1753,695,1300,1118,884,1250,1154
mmu-miR-378b,50,40,31,32,65,112,121,91,74,31,69,78,47,68,80
mmu-miR-378c,4990,3820,4685,3894,9486,9843,9092,8837,7535,3415,6732,6453,4879,7462,7741
mmu-miR-378d,9,7,10,17,20,32,37,21,20,18,20,17,22,26,13
mmu-miR-379-3p,9,9,12,14,8,8,8,20,9,5,12,5,0,0,4
mmu-miR-379-5p,14,30,38,14,6,18,33,40,23,11,16,16,2,15,10
mmu-miR-380-3p,16,10,21,9,12,17,16,27,9,3,8,5,5,3,3
mmu-miR-381-3p,72,242,342,79,121,119,126,214,89,48,84,109,25,52,43
mmu-miR-382-3p,4,5,5,6,4,5,4,4,6,0,0,4,0,0,0
mmu-miR-382-5p,10,24,41,4,6,9,20,22,7,5,13,4,0,2,7
mmu-miR-383-5p,5,0,0,7,5,6,9,7,4,3,2,10,2,9,9
mmu-miR-384-3p,0,0,0,0,2,0,0,2,0,0,2,0,0,0,0
mmu-miR-384-5p,0,0,6,0,0,0,0,0,3,0,3,0,0,0,0
mmu-miR-3960,0,0,0,0,0,0,2,0,0,0,0,0,0,0,0
mmu-miR-3963,65,31,68,102,87,82,84,86,82,35,85,82,17,52,35
mmu-miR-3966,0,0,0,0,0,0,0,0,2,0,0,0,0,0,0
mmu-miR-3968,1654,1041,1549,1159,3070,3015,2685,3023,2731,953,2311,2187,638,1422,936
mmu-miR-3969,0,0,0,5,0,0,0,0,0,0,0,0,0,0,0
mmu-miR-3970,0,0,0,0,0,0,0,0,0,0,3,2,0,0,0
mmu-miR-409-3p,58,134,191,55,95,113,132,219,68,29,80,76,8,27,17
mmu-miR-409-5p,0,2,0,0,0,0,0,0,0,0,0,0,0,0,0
mmu-miR-410-3p,138,347,501,150,162,162,201,285,141,64,151,129,38,65,61
mmu-miR-411-3p,12,26,37,10,17,25,15,19,10,2,15,12,2,6,6
mmu-miR-411-5p,899,2037,3423,942,1001,1112,1098,1586,847,516,1166,1043,192,355,403
mmu-miR-421-3p,1771,1387,1838,1150,2534,2881,1440,1694,3216,1865,2990,2899,870,1904,1405
mmu-miR-421-5p,7,0,0,3,8,12,8,7,5,0,0,0,0,5,6
mmu-miR-423-3p,8666,6568,9483,7516,14717,12850,9841,10658,14636,6859,17223,13873,4350,9288,5851
mmu-miR-423-5p,4308,2917,4899,3901,5758,5519,4398,4904,6228,4712,8849,7735,1454,3752,2474
mmu-miR-425-3p,456,233,339,295,329,375,374,374,461,376,507,361,173,377,206
mmu-miR-425-5p,5950,4202,5329,4776,6998,7668,6558,6549,7989,4497,8967,7203,2689,4720,3816
mmu-miR-429-3p,37902,24458,31215,29766,49493,54899,44587,47770,59707,30275,57100,41660,22807,38084,33872
mmu-miR-431-3p,2,2,3,2,0,0,4,0,0,0,2,2,0,0,0
mmu-miR-431-5p,31,84,118,27,20,35,25,42,28,17,23,30,0,9,7
mmu-miR-433-3p,4,6,11,5,5,3,7,10,6,2,2,2,0,4,0
mmu-miR-433-5p,0,0,2,0,0,0,0,2,2,0,3,0,0,0,0
mmu-miR-434-3p,425,1178,1683,529,328,300,403,695,368,207,461,463,89,208,187
mmu-miR-434-5p,92,196,289,90,106,99,109,172,119,62,136,78,19,36,28
mmu-miR-449a-5p,42,24,22,19,46,55,38,17,43,33,37,39,17,14,18
mmu-miR-449c-5p,0,0,0,2,0,2,0,2,0,0,2,0,2,0,0
mmu-miR-450a-1-3p,0,2,5,2,4,5,0,6,2,2,2,2,0,0,4
mmu-miR-450a-2-3p,2,0,0,3,0,7,2,9,5,3,2,4,0,2,4
mmu-miR-450a-5p,688,430,551,683,997,958,1246,1201,880,413,996,556,364,563,606
mmu-miR-450b-3p,17,9,11,21,28,21,26,21,32,10,13,18,16,20,15
mmu-miR-450b-5p,426,256,343,309,620,724,685,608,541,287,603,381,174,293,357
mmu-miR-451a,6250,2390,5551,5507,8560,6546,16147,10600,3499,925,4268,4895,9876,872,2168
mmu-miR-452-3p,0,0,0,0,2,0,0,2,0,0,0,0,0,0,0
mmu-miR-452-5p,16,5,12,3,7,7,5,10,8,4,10,7,2,0,0
mmu-miR-455-3p,355,296,389,374,309,445,394,422,409,271,379,330,257,392,385
mmu-miR-455-5p,602,440,576,412,848,916,790,720,629,313,565,648,485,785,827
mmu-miR-463-5p,0,0,0,0,2,5,3,2,10,3,7,5,3,0,2
mmu-miR-465a-3p,0,7,6,10,10,8,8,0,21,18,6,14,0,5,0
mmu-miR-465a-5p,0,2,0,0,0,0,0,0,0,0,0,0,0,0,0
mmu-miR-465b-3p,0,7,6,10,10,8,8,0,21,18,6,14,0,5,0
mmu-miR-465c-3p,0,7,6,10,10,8,8,0,21,18,6,14,0,5,0
mmu-miR-465c-5p,6,11,15,8,12,15,25,33,39,28,36,22,8,4,3
mmu-miR-466a-3p,104,72,81,63,64,90,54,61,77,31,81,62,4,2,7
mmu-miR-466a-5p,0,0,0,0,0,0,2,0,0,0,0,2,0,0,0
mmu-miR-466b-3p,149,88,114,84,109,133,75,83,109,56,146,91,4,8,9
mmu-miR-466b-5p,0,0,3,2,0,2,0,0,0,0,0,0,0,0,0
mmu-miR-466c-3p,149,88,114,84,109,133,73,83,109,56,142,91,4,8,9
mmu-miR-466c-5p,11,7,9,10,12,8,15,9,6,7,17,4,0,2,2
mmu-miR-466d-3p,34,28,31,22,20,22,19,18,23,9,24,20,0,0,3
mmu-miR-466d-5p,3,2,4,4,3,7,0,3,4,6,6,4,0,0,0
mmu-miR-466e-3p,149,88,114,84,109,133,73,83,109,56,142,91,4,8,9
mmu-miR-466e-5p,0,0,0,0,0,2,0,0,0,0,0,0,0,0,0
mmu-miR-466f,0,0,0,0,2,0,5,5,0,2,2,0,0,0,0
mmu-miR-466f-3p,27,16,12,10,13,27,8,21,12,11,26,10,0,0,0
mmu-miR-466f-5p,0,0,0,0,2,0,5,5,0,2,2,0,0,0,0
mmu-miR-466g,8,11,16,13,14,18,10,16,12,12,13,7,2,2,2
mmu-miR-466h-3p,11,8,12,6,7,5,11,8,4,9,9,9,0,2,3
mmu-miR-466h-5p,16,8,5,11,7,11,2,7,9,7,10,8,2,0,0
mmu-miR-466i-3p,5,3,2,0,4,5,0,6,2,4,3,0,0,0,0
mmu-miR-466j,0,0,0,0,2,0,0,0,0,0,0,0,0,0,0
mmu-miR-466k,3,0,3,2,0,0,0,0,0,0,2,0,0,0,0
mmu-miR-466m-3p,0,3,0,0,0,0,0,0,0,0,0,0,0,0,0
mmu-miR-466m-5p,0,0,0,2,2,0,0,0,0,0,0,0,0,0,0
mmu-miR-466n-3p,0,0,0,0,0,3,3,3,0,0,2,0,0,0,0
mmu-miR-466n-5p,3,2,4,4,3,7,0,3,4,6,6,4,0,0,0
mmu-miR-466o-5p,6,0,3,2,0,4,2,2,0,0,0,0,0,0,0
mmu-miR-466p-3p,149,88,114,84,109,133,73,83,109,56,142,91,4,8,9
mmu-miR-466p-5p,0,0,5,2,0,0,0,0,0,0,2,2,0,0,0
mmu-miR-467a-3p,45,63,79,64,45,43,33,47,44,41,45,44,9,6,7
mmu-miR-467a-5p,160,114,160,152,102,125,108,108,149,103,161,141,25,28,23
mmu-miR-467b-5p,160,114,160,152,102,125,108,108,149,103,161,141,25,28,23
mmu-miR-467c-3p,0,9,0,2,2,0,0,0,3,0,6,0,0,0,0
mmu-miR-467c-5p,98,74,58,47,64,90,61,57,66,49,71,62,7,20,12
mmu-miR-467d-3p,45,63,79,64,45,43,33,47,44,41,45,44,9,6,7
mmu-miR-467d-5p,165,112,171,112,107,108,69,55,153,82,153,144,23,36,39
mmu-miR-467e-3p,0,9,0,2,2,0,0,0,3,0,6,0,0,0,0
mmu-miR-467e-5p,90,92,76,39,72,46,54,42,72,42,64,53,4,15,21
mmu-miR-470-5p,45,33,55,25,31,32,24,32,125,65,92,62,24,26,12
mmu-miR-471-5p,0,0,2,0,0,0,0,0,0,0,0,0,0,0,0
mmu-miR-483-3p,0,0,0,0,0,0,0,0,0,0,0,3,0,0,2
mmu-miR-484,6243,5265,5038,4565,9189,10471,8017,8591,9985,5326,9673,7401,3107,5461,4243
mmu-miR-485-3p,4,14,7,7,4,8,8,11,0,2,6,2,0,2,4
mmu-miR-485-5p,2,4,4,4,2,0,2,0,0,0,0,4,0,0,0
mmu-miR-486a-3p,31,18,50,29,48,26,54,30,24,5,29,32,45,0,7
mmu-miR-486a-5p,41072,22744,51106,26977,42103,35943,59006,41352,23593,7684,27721,50240,43505,5410,10576
mmu-miR-486b-3p,17,10,19,19,19,14,25,19,14,2,21,19,19,0,5
mmu-miR-486b-5p,40990,22706,51018,26931,42046,35870,58906,41267,23568,7662,27676,50156,43379,5405,10549
mmu-miR-487b-3p,2,7,13,5,3,2,2,3,4,0,0,2,2,2,0
mmu-miR-488-3p,18,30,23,8,20,31,29,34,30,19,25,30,7,35,22
mmu-miR-488-5p,3,2,0,0,0,0,0,2,0,2,0,0,0,0,0
mmu-miR-489-3p,135,99,111,101,95,90,127,88,108,47,98,70,41,73,70
mmu-miR-490-3p,0,2,3,0,0,0,0,0,2,0,3,0,0,2,0
mmu-miR-491-3p,0,0,0,3,4,2,2,0,0,2,0,2,0,0,0
mmu-miR-491-5p,0,0,0,0,0,0,3,2,2,6,7,0,0,0,0
mmu-miR-493-3p,0,0,0,0,0,0,0,2,0,0,0,0,0,0,0
mmu-miR-493-5p,0,0,4,0,0,0,0,0,0,0,2,0,0,0,0
mmu-miR-494-3p,5,4,12,3,5,0,8,4,5,3,4,0,0,0,0
mmu-miR-495-3p,2,9,11,0,3,10,0,10,0,2,5,0,0,0,0
mmu-miR-496a-3p,3,16,10,4,4,8,9,7,3,4,10,8,0,0,0
mmu-miR-497a-3p,0,0,0,2,5,2,2,2,3,0,2,2,0,0,0
mmu-miR-497a-5p,7861,7298,8709,6517,6051,6215,4349,4194,6912,4091,7371,6725,1715,2266,2130
mmu-miR-499-5p,0,0,0,0,2,5,6,5,5,0,3,0,2,0,2
mmu-miR-500-3p,473,413,398,402,493,514,465,436,490,302,474,352,206,256,285
mmu-miR-500-5p,4,3,7,2,4,6,4,13,0,5,7,3,6,6,3
mmu-miR-501-3p,517,381,848,414,523,616,538,503,544,484,772,436,274,349,239
mmu-miR-501-5p,36,28,30,40,30,43,36,48,45,32,39,31,13,37,29
mmu-miR-503-3p,142,103,124,121,132,145,145,178,161,88,157,112,69,110,79
mmu-miR-503-5p,18,22,28,15,40,31,38,38,25,16,29,15,8,11,6
mmu-miR-504-5p,2,8,3,0,12,5,2,9,2,5,9,7,0,0,0
mmu-miR-505-3p,18,4,12,6,20,24,24,16,22,13,19,18,8,10,4
mmu-miR-505-5p,3,5,12,5,6,7,9,11,21,4,9,10,0,4,4
mmu-miR-5099,1865,1261,1866,1195,2589,2672,2058,2368,2233,1156,1740,2479,688,1328,989
mmu-miR-5100,2,0,0,0,5,0,6,5,2,0,0,0,4,0,2
mmu-miR-5101,22,10,7,12,24,13,21,28,26,13,25,19,5,21,11
mmu-miR-5103,2,0,0,0,0,0,0,0,0,0,4,0,0,0,0
mmu-miR-5104,0,0,3,3,5,2,7,4,0,0,12,2,0,0,0
mmu-miR-5107-3p,31,33,32,21,17,11,11,9,30,18,50,40,0,0,3
mmu-miR-5107-5p,36,28,35,27,29,19,14,24,25,24,51,51,0,0,0
mmu-miR-511-3p,276,194,196,218,148,102,161,133,126,96,171,148,4,10,18
mmu-miR-511-5p,88,59,100,62,27,17,15,22,45,38,60,72,2,3,0
mmu-miR-5113,5,3,14,4,4,14,5,10,6,6,17,9,2,4,13
mmu-miR-5114,7,3,13,3,11,4,9,7,9,9,10,0,4,0,2
mmu-miR-5116,2,0,0,0,0,0,0,2,0,0,2,0,0,0,0
mmu-miR-5121,25,11,17,27,18,22,24,36,18,10,23,9,33,39,45
mmu-miR-5122,104,69,84,86,116,112,99,95,105,55,118,144,26,68,35
mmu-miR-5123,0,0,2,4,2,6,9,10,3,2,8,2,0,2,3
mmu-miR-5126,2,0,0,0,0,0,0,0,0,0,0,2,0,0,0
mmu-miR-5128,3,0,2,0,7,6,2,2,5,0,2,3,0,2,0
mmu-miR-5129-3p,24,29,36,21,22,17,16,17,18,11,23,44,9,14,16
mmu-miR-5129-5p,4,6,0,0,2,0,2,0,2,4,0,0,2,0,0
mmu-miR-5130,0,0,0,0,0,0,0,0,0,0,0,2,0,0,0
mmu-miR-5132-3p,7,0,2,4,3,2,6,4,4,2,7,4,2,0,0
mmu-miR-5132-5p,2,3,0,2,2,0,0,0,0,0,4,2,0,0,0
mmu-miR-5134-3p,2,0,0,0,0,0,0,0,2,0,0,0,0,0,0
mmu-miR-532-3p,502,447,483,459,366,452,478,449,573,318,519,499,185,292,222
mmu-miR-532-5p,6333,5195,6904,5304,5040,5587,5047,5209,5190,3288,5967,5587,2080,2889,2734
mmu-miR-539-5p,0,0,2,0,0,0,0,2,0,0,0,0,0,0,0
mmu-miR-540-3p,6,24,50,5,22,25,16,23,8,4,8,12,2,6,0
mmu-miR-540-5p,0,0,0,0,2,0,0,0,0,0,0,0,0,0,0
mmu-miR-541-5p,306,774,1139,364,478,490,602,894,344,246,530,364,50,138,115
mmu-miR-542-3p,387,199,230,174,472,416,462,348,311,160,355,249,110,176,229
mmu-miR-542-5p,84,71,100,83,77,109,54,81,122,69,124,130,43,72,56
mmu-miR-543-3p,0,5,3,4,3,6,8,8,0,0,0,0,0,0,3
mmu-miR-543-5p,2,0,0,2,0,0,0,0,0,0,0,0,0,2,0
mmu-miR-547-3p,14,12,23,21,4,5,8,11,12,7,14,9,0,7,2
mmu-miR-547-5p,0,0,0,0,0,0,2,0,0,0,0,0,0,0,0
mmu-miR-551b-3p,76,41,46,51,84,113,95,98,200,114,195,215,51,62,65
mmu-miR-551b-5p,8,0,0,3,9,6,9,3,17,11,8,14,0,0,0
mmu-miR-5615-5p,0,4,6,0,3,4,2,3,6,0,7,2,0,2,0
mmu-miR-5616-3p,3,0,0,0,0,0,0,0,0,0,0,0,0,0,0
mmu-miR-5619-3p,0,2,0,0,0,0,0,0,0,0,2,0,0,0,0
mmu-miR-5620-3p,0,0,0,0,2,0,0,0,0,0,0,0,0,0,0
mmu-miR-5620-5p,3,0,3,3,2,0,0,0,2,0,0,0,0,2,0
mmu-miR-5621-3p,0,2,0,4,0,4,2,6,4,3,2,8,2,5,3
mmu-miR-5622-5p,0,0,0,0,0,0,0,2,0,0,0,0,2,0,0
mmu-miR-5623-5p,0,0,0,0,0,0,0,0,0,0,0,2,0,0,0
mmu-miR-5624-3p,3,0,0,2,0,2,0,2,0,0,2,0,0,0,2
mmu-miR-5624-5p,0,0,0,0,0,0,2,3,0,0,0,0,0,0,2
mmu-miR-5627-3p,0,0,0,0,0,2,0,2,0,0,2,2,0,0,0
mmu-miR-5709-5p,6,4,4,5,11,8,3,10,9,11,13,4,0,7,2
mmu-miR-574-3p,1553,1349,1953,1609,914,1035,965,1162,1198,789,1367,1134,353,542,486
mmu-miR-574-5p,346,295,392,338,262,260,214,209,251,152,267,193,62,80,75
mmu-miR-582-3p,1731,1410,2099,1486,3246,3293,2948,3049,2685,1329,2364,2414,1582,2661,2300
mmu-miR-582-5p,369,225,260,373,665,755,863,841,601,278,557,298,305,452,533
mmu-miR-592-3p,0,0,0,0,0,0,0,2,0,0,0,0,0,0,0
mmu-miR-592-5p,5,6,15,13,14,16,12,13,11,12,21,25,2,2,0
mmu-miR-598-3p,144,104,148,122,139,136,143,155,102,95,161,136,74,64,89
mmu-miR-598-5p,0,2,0,0,0,0,3,2,0,2,0,0,0,0,0
mmu-miR-615-3p,1997,1962,2380,1762,2421,2504,2254,2296,2735,1585,2624,2202,729,1292,1029
mmu-miR-615-5p,8,7,6,0,15,11,8,23,6,7,5,13,2,8,0
mmu-miR-6236,13,7,13,17,24,16,3,12,14,7,14,11,9,13,11
mmu-miR-6238,0,3,2,12,5,3,0,7,5,4,4,3,3,5,2
mmu-miR-6239,0,0,0,0,0,0,0,0,2,0,0,0,0,0,0
mmu-miR-6240,18,4,10,41,32,37,56,50,33,22,35,39,14,41,16
mmu-miR-6392-5p,0,0,0,0,0,0,0,0,0,0,0,2,0,0,0
mmu-miR-6395,0,2,0,0,0,0,0,0,0,0,0,0,0,0,0
mmu-miR-6412,0,3,2,4,8,3,2,7,6,6,6,7,0,11,2
mmu-miR-6418-3p,8,19,11,9,10,19,9,17,15,17,31,13,3,6,0
mmu-miR-6481,0,0,0,0,0,0,0,0,2,0,0,0,45,38,80
mmu-miR-6516-3p,2,0,3,5,3,2,0,2,0,0,0,3,2,2,4
mmu-miR-6516-5p,15,10,8,14,24,24,12,13,22,17,23,25,5,5,4
mmu-miR-652-3p,3707,2999,4279,4251,2948,3064,3708,3857,3209,2033,3780,2821,1261,1817,1753
mmu-miR-652-5p,10,12,10,15,13,13,27,15,20,4,11,5,8,6,4
mmu-miR-653-3p,0,0,0,2,0,2,5,0,0,0,0,0,0,0,0
mmu-miR-653-5p,217,137,168,105,123,106,111,103,109,47,103,108,30,95,77
mmu-miR-6537-3p,2,2,2,0,2,6,0,0,0,2,2,0,0,0,0
mmu-miR-6538,0,0,2,2,0,0,3,2,0,0,4,0,2,0,0
mmu-miR-6539,14,15,23,13,74,48,59,89,22,14,28,28,5,10,5
mmu-miR-6540-5p,2,0,0,0,0,0,0,0,0,0,0,0,0,0,0
mmu-miR-6546-3p,0,0,0,0,4,0,0,2,0,0,2,0,0,0,0
mmu-miR-664-3p,384,259,336,258,404,516,416,532,627,342,539,431,252,403,345
mmu-miR-664-5p,91,68,102,78,113,131,108,112,108,75,135,146,37,72,46
mmu-miR-665-3p,0,0,2,0,0,0,0,3,0,0,0,0,0,0,0
mmu-miR-666-3p,5,4,10,0,0,4,4,3,0,0,2,4,0,0,0
mmu-miR-666-5p,8,7,21,2,10,0,3,8,9,0,7,0,0,0,0
mmu-miR-667-3p,2,6,13,0,2,4,11,6,2,3,4,2,0,0,0
mmu-miR-668-3p,2,22,24,0,0,0,0,4,0,3,2,2,0,0,0
mmu-miR-669a-3-3p,0,2,0,0,2,2,2,0,0,0,2,2,0,0,0
mmu-miR-669a-3p,225,244,166,147,140,182,118,148,127,87,118,96,13,40,28
mmu-miR-669a-5p,88,83,104,86,82,94,77,67,95,48,98,79,10,16,20
mmu-miR-669b-3p,2,0,0,0,0,0,0,0,0,0,0,0,0,0,0
mmu-miR-669b-5p,14,21,15,20,25,27,28,22,19,18,22,9,0,3,4
mmu-miR-669c-5p,109,88,135,100,58,76,75,84,76,74,108,82,12,18,13
mmu-miR-669d-5p,20,15,15,8,11,9,21,10,13,11,5,10,2,4,2
mmu-miR-669e-3p,0,0,0,0,0,4,0,0,0,0,0,3,0,0,0
mmu-miR-669e-5p,9,2,11,5,0,2,0,0,2,0,4,0,0,0,0
mmu-miR-669f-3p,0,2,2,5,5,3,4,0,2,0,0,3,0,0,2
mmu-miR-669f-5p,0,3,4,4,4,7,6,0,0,6,2,4,0,4,0
mmu-miR-669k-5p,0,0,0,0,0,0,0,0,0,2,0,0,0,0,0
mmu-miR-669l-5p,14,10,20,11,11,15,13,11,20,12,6,8,0,0,0
mmu-miR-669m-5p,0,0,0,2,2,0,0,0,0,0,0,0,0,0,0
mmu-miR-669o-3p,225,244,166,147,140,182,118,148,127,87,118,96,13,40,28
mmu-miR-669o-5p,26,29,32,21,23,17,22,15,25,19,17,31,2,7,3
mmu-miR-669p-3p,2,0,0,0,2,0,3,0,0,0,0,0,0,0,0
mmu-miR-669p-5p,88,83,104,86,82,94,77,67,95,48,98,79,10,16,20
mmu-miR-670-3p,0,0,0,2,0,2,2,2,0,0,0,0,3,7,7
mmu-miR-670-5p,0,0,0,0,0,0,0,0,0,0,0,0,0,0,3
mmu-miR-671-3p,798,700,1006,770,1135,946,755,820,1273,645,1413,1320,417,778,556
mmu-miR-671-5p,211,146,203,158,307,266,289,310,253,134,226,133,117,247,141
mmu-miR-672-3p,4,5,0,2,6,0,4,0,3,5,7,0,0,0,3
mmu-miR-672-5p,67,44,86,80,80,71,90,108,88,53,111,79,20,47,41
mmu-miR-673-3p,2,5,7,3,0,0,0,0,0,0,0,4,0,0,0
mmu-miR-673-5p,9,31,68,14,23,15,24,37,16,4,16,13,0,0,4
mmu-miR-674-3p,886,658,929,726,816,903,683,695,930,630,1205,1016,184,382,274
mmu-miR-674-5p,379,314,368,302,401,438,389,384,434,243,448,383,69,164,142
mmu-miR-676-3p,3352,2658,4238,2729,1498,1669,1359,1431,1867,1461,2909,2796,410,574,541
mmu-miR-676-5p,300,244,381,247,219,257,181,265,221,146,299,284,57,88,78
mmu-miR-677-3p,0,0,2,0,0,0,0,0,0,0,0,0,0,0,0
mmu-miR-677-5p,57,32,34,37,32,30,48,31,42,28,56,58,18,45,69
mmu-miR-679-5p,2,0,3,2,3,0,2,8,3,0,0,2,0,0,0
mmu-miR-6897-5p,0,0,0,2,0,0,0,0,0,0,0,0,0,0,0
mmu-miR-6899-3p,34,22,42,15,18,36,14,27,11,11,34,32,4,11,2
mmu-miR-690,40,42,54,55,41,37,33,46,68,32,66,64,354,216,300
mmu-miR-6900-3p,2,0,2,0,0,0,0,3,2,0,2,0,0,0,0
mmu-miR-6901-3p,2,0,0,0,0,0,0,0,0,0,0,0,0,0,0
mmu-miR-6901-5p,7,7,3,6,4,4,3,4,6,2,6,2,3,0,4
mmu-miR-6902-3p,0,0,0,0,0,2,0,0,0,0,0,0,0,0,0
mmu-miR-6902-5p,0,2,0,0,0,0,2,0,0,0,0,0,0,2,0
mmu-miR-6903-5p,0,0,0,0,0,0,0,0,2,0,0,0,0,0,0
mmu-miR-6904-5p,0,0,0,0,0,0,0,0,2,0,0,0,0,0,0
mmu-miR-6905-3p,2,0,0,0,0,0,0,0,4,0,0,0,0,2,0
mmu-miR-6905-5p,0,2,0,0,0,0,0,0,0,0,0,6,0,0,0
mmu-miR-6907-3p,0,0,0,0,0,0,0,0,0,0,0,2,0,0,0
mmu-miR-6908-3p,0,0,0,0,0,2,0,0,2,0,5,2,0,0,0
mmu-miR-6908-5p,2,0,2,0,0,0,0,0,2,0,0,0,0,0,0
mmu-miR-6909-5p,3,0,2,4,5,5,2,0,0,0,6,0,0,0,0
mmu-miR-6910-3p,0,0,0,2,0,0,0,0,0,0,0,0,0,0,0
mmu-miR-6911-3p,38,19,36,19,28,35,24,20,33,18,41,47,8,42,19
mmu-miR-6911-5p,0,0,0,0,0,2,0,0,3,0,0,0,0,0,0
mmu-miR-6912-5p,0,0,0,0,0,0,0,0,2,0,0,2,0,0,0
mmu-miR-6913-3p,5,2,0,0,6,9,2,5,3,0,7,0,0,6,0
mmu-miR-6914-3p,16,10,14,2,19,19,16,14,13,12,27,26,2,7,8
mmu-miR-6915-3p,0,0,0,0,0,2,0,0,0,0,0,0,0,0,0
mmu-miR-6915-5p,0,0,0,0,2,0,0,0,0,0,0,0,0,0,0
mmu-miR-6916-3p,0,0,2,0,0,0,0,0,0,0,0,0,0,0,0
mmu-miR-6916-5p,0,0,2,0,2,0,0,0,5,0,2,5,0,0,0
mmu-miR-6917-3p,0,0,0,0,0,0,0,4,4,0,0,3,0,0,0
mmu-miR-6918-5p,3,0,0,0,4,2,0,0,0,0,2,0,2,2,0
mmu-miR-6919-3p,3,0,2,0,0,3,2,0,2,3,2,6,0,3,0
mmu-miR-692,0,0,0,0,2,0,0,0,2,0,0,2,0,0,0
mmu-miR-6920-3p,0,0,0,0,0,0,0,0,0,2,0,0,0,0,0
mmu-miR-6921-3p,0,0,2,2,0,2,0,0,0,2,0,0,0,0,0
mmu-miR-6922-3p,0,0,2,2,2,0,0,0,0,2,0,0,0,0,0
mmu-miR-6922-5p,0,0,0,0,0,0,2,0,0,0,0,0,0,0,0
mmu-miR-6925-3p,7,2,0,2,0,0,3,2,2,0,8,2,0,0,0
mmu-miR-6925-5p,0,0,0,0,2,0,0,0,0,2,5,2,0,0,0
mmu-miR-6926-3p,2,0,0,0,0,0,0,0,0,0,0,0,0,0,2
mmu-miR-6927-3p,0,0,0,0,0,0,0,0,0,0,0,2,0,0,0
mmu-miR-6927-5p,0,0,0,0,2,0,0,0,0,0,0,0,0,0,0
mmu-miR-6928-3p,0,0,0,0,0,0,0,0,0,0,0,3,0,0,0
mmu-miR-6928-5p,0,0,0,0,0,0,0,0,0,0,2,0,0,0,0
mmu-miR-6929-5p,0,0,0,0,0,0,0,0,2,0,0,0,0,0,0
mmu-miR-693-3p,2,0,0,0,0,2,0,0,0,0,0,0,0,2,3
mmu-miR-6930-5p,0,0,0,0,0,2,0,0,0,0,0,0,0,0,0
mmu-miR-6931-3p,0,2,0,0,0,0,0,0,0,0,0,2,0,0,0
mmu-miR-6932-3p,2,2,2,0,0,0,6,2,8,3,6,7,0,2,0
mmu-miR-6932-5p,0,0,3,0,3,2,8,4,0,6,2,4,0,0,0
mmu-miR-6933-5p,0,0,2,0,0,0,0,0,0,2,2,0,0,0,0
mmu-miR-6934-3p,0,0,0,0,0,0,0,2,2,0,0,0,0,0,0
mmu-miR-6936-3p,0,0,0,0,0,0,0,0,0,2,0,0,0,0,0
mmu-miR-6936-5p,0,0,0,0,0,2,3,0,0,0,0,2,3,2,0
mmu-miR-6937-3p,2,0,0,2,6,2,6,3,3,2,2,3,0,3,0
mmu-miR-6937-5p,0,0,0,2,0,0,0,0,0,0,0,2,0,0,0
mmu-miR-6938-3p,5,3,5,0,7,3,5,6,4,0,10,5,6,2,3
mmu-miR-6939-3p,2,2,4,0,0,0,2,0,2,0,5,4,0,0,0
mmu-miR-6940-3p,2,3,2,0,4,2,0,0,2,2,2,4,0,0,2
mmu-miR-6941-3p,0,0,2,0,0,0,0,0,3,0,0,0,0,0,0
mmu-miR-6942-5p,0,0,0,0,0,2,0,0,0,0,0,0,2,0,0
mmu-miR-6943-3p,4,3,0,0,0,2,0,0,2,0,0,2,0,0,0
mmu-miR-6944-3p,502,311,470,285,365,467,306,274,404,389,623,720,29,71,69
mmu-miR-6945-3p,0,4,5,0,0,3,2,2,0,0,0,2,0,0,0
mmu-miR-6946-3p,16,10,20,7,23,21,14,13,17,15,20,31,2,9,8
mmu-miR-6947-5p,0,0,0,0,2,0,0,0,0,0,0,0,0,0,0
mmu-miR-6948-3p,14,9,15,6,32,29,14,16,26,10,26,22,6,18,19
mmu-miR-6950-3p,0,0,2,2,0,0,0,5,0,0,0,0,0,0,0
mmu-miR-6950-5p,0,0,0,0,0,2,0,0,0,0,0,0,0,0,0
mmu-miR-6951-5p,0,0,0,0,0,0,2,0,0,0,0,0,0,0,0
mmu-miR-6952-3p,18,13,10,9,22,17,9,25,21,6,20,17,4,11,7
mmu-miR-6952-5p,0,0,0,0,0,0,0,0,0,0,0,0,0,2,0
mmu-miR-6953-3p,2,4,2,2,7,8,12,2,17,2,8,2,4,21,11
mmu-miR-6954-3p,5,0,0,2,9,10,5,10,5,0,5,8,0,9,2
mmu-miR-6954-5p,0,0,0,0,0,0,0,0,2,2,0,0,0,0,0
mmu-miR-6955-3p,0,0,0,0,0,0,0,0,0,0,4,0,0,0,0
mmu-miR-6955-5p,0,0,3,0,0,0,0,0,2,0,0,2,0,2,0
mmu-miR-6956-3p,8,8,15,6,23,8,11,17,17,15,27,30,5,13,7
mmu-miR-6958-3p,4,3,0,2,3,7,2,4,6,2,5,7,3,0,0
mmu-miR-6959-5p,0,0,3,0,0,0,0,0,0,0,0,0,0,0,0
mmu-miR-696,0,0,0,0,0,0,0,2,0,0,0,0,0,0,0
mmu-miR-6960-5p,3,0,0,2,5,2,5,4,0,0,5,4,0,0,0
mmu-miR-6963-3p,0,0,0,0,0,2,0,0,0,0,0,0,0,0,0
mmu-miR-6964-3p,6,3,4,2,3,2,0,2,3,2,7,4,0,3,4
mmu-miR-6964-5p,0,0,0,0,0,2,0,0,0,0,0,0,0,0,2
mmu-miR-6965-3p,0,0,0,0,0,0,0,0,0,0,3,2,0,0,0
mmu-miR-6966-3p,0,0,0,0,0,0,0,0,0,0,0,0,2,0,0
mmu-miR-6967-3p,0,0,0,0,5,3,5,2,4,2,0,0,0,2,0
mmu-miR-6968-3p,0,0,0,2,4,2,4,0,3,0,6,2,0,2,0
mmu-miR-6970-3p,0,0,2,0,0,0,4,0,0,0,0,0,0,4,0
mmu-miR-6970-5p,0,0,0,0,2,2,0,0,0,0,0,0,2,0,0
mmu-miR-6971-3p,0,0,0,0,0,4,0,0,3,2,2,2,0,0,2
mmu-miR-6972-3p,9,10,11,3,30,20,27,26,53,20,44,28,5,31,18
mmu-miR-6973a-3p,0,0,0,0,0,0,0,0,0,0,2,0,0,0,0
mmu-miR-6975-3p,2,3,0,4,2,4,2,0,2,4,2,5,0,0,0
mmu-miR-6976-3p,4,3,2,0,3,7,2,2,0,0,0,5,0,4,0
mmu-miR-6978-3p,13,24,20,21,44,31,42,35,38,31,65,76,0,0,0
mmu-miR-6978-5p,0,0,2,0,0,2,0,0,0,4,0,0,0,0,0
mmu-miR-6979-3p,2,2,4,9,8,3,6,10,10,2,8,12,2,0,0
mmu-miR-6980-3p,0,0,0,0,0,2,4,0,6,3,2,2,0,2,0
mmu-miR-6981-3p,0,2,0,0,0,0,0,0,2,0,0,0,0,0,0
mmu-miR-6983-3p,6,3,2,0,2,2,0,0,0,0,0,0,0,0,0
mmu-miR-6984-3p,0,0,0,0,0,0,0,0,2,0,0,0,0,0,0
mmu-miR-6984-5p,0,0,0,0,0,4,0,0,0,2,0,0,0,0,0
mmu-miR-6985-3p,6,8,9,4,6,14,6,10,2,5,10,17,6,2,4
mmu-miR-6985-5p,0,0,0,0,0,0,0,0,0,0,2,0,0,0,0
mmu-miR-6986-3p,0,0,0,0,2,2,0,0,0,0,2,0,0,0,0
mmu-miR-6986-5p,0,4,3,4,0,3,0,0,3,2,2,3,0,2,0
mmu-miR-6988-3p,19,12,26,10,16,24,23,27,30,17,42,22,6,13,19
mmu-miR-6989-3p,9,15,13,15,35,29,12,18,38,16,28,38,9,16,22
mmu-miR-6990-3p,0,0,0,0,3,4,0,0,2,0,0,2,5,0,0
mmu-miR-6990-5p,0,0,0,0,2,6,5,12,10,2,9,0,3,22,7
mmu-miR-6991-3p,0,0,0,2,0,0,0,2,0,0,0,0,0,0,2
mmu-miR-6991-5p,0,0,0,0,0,0,0,0,0,0,0,2,0,0,0
mmu-miR-6993-3p,0,0,0,0,0,0,0,0,0,2,0,0,0,0,0
mmu-miR-6994-3p,0,0,2,2,2,0,0,0,2,0,0,2,0,2,0
mmu-miR-6994-5p,2,0,0,0,0,0,0,0,0,0,0,0,0,0,0
mmu-miR-6995-3p,2,3,0,0,0,0,0,2,0,0,0,0,0,0,0
mmu-miR-6996-5p,5,9,6,4,6,2,6,6,12,7,18,13,0,4,2
mmu-miR-6997-3p,0,0,0,0,0,5,0,0,0,0,0,0,0,0,0
mmu-miR-6997-5p,0,0,2,0,0,2,3,2,4,0,0,6,0,0,0
mmu-miR-6998-3p,0,0,0,0,0,0,0,0,2,0,0,0,0,0,0
mmu-miR-6999-3p,0,0,3,0,0,0,0,0,0,0,0,0,0,0,0
mmu-miR-700-3p,102,73,126,99,142,115,179,159,158,75,161,123,50,45,53
mmu-miR-700-5p,281,213,273,277,220,258,287,318,318,169,316,231,83,104,98
mmu-miR-7000-3p,2,0,2,0,2,0,0,0,0,0,0,2,0,0,0
mmu-miR-7003-5p,0,0,0,0,0,0,2,0,0,0,0,0,0,0,0
mmu-miR-7004-3p,0,0,0,0,2,0,0,0,0,2,4,2,0,0,0
mmu-miR-7005-3p,0,0,0,0,0,2,0,0,0,0,0,0,0,0,0
mmu-miR-7006-3p,6,0,0,6,10,10,3,7,9,3,10,6,4,8,6
mmu-miR-7008-3p,3,2,7,2,4,5,3,0,5,6,4,5,0,0,2
mmu-miR-7008-5p,0,0,0,0,0,0,2,0,0,0,0,0,0,0,0
mmu-miR-7009-3p,0,0,0,0,0,0,0,0,0,0,3,0,0,0,0
mmu-miR-7009-5p,2,2,0,3,2,2,0,2,0,0,0,0,0,0,0
mmu-miR-701-3p,0,0,2,0,0,2,3,0,2,0,2,2,0,0,0
mmu-miR-701-5p,0,0,4,0,0,2,0,0,0,0,2,0,0,0,0
mmu-miR-7010-5p,5,8,12,10,4,2,2,3,3,0,9,6,0,0,0
mmu-miR-7011-3p,0,0,0,0,4,0,0,0,0,0,0,2,0,0,2
mmu-miR-7012-3p,0,0,0,4,0,0,0,3,0,0,2,0,0,0,0
mmu-miR-7012-5p,0,0,2,0,0,0,0,0,2,0,0,0,0,0,0
mmu-miR-7013-3p,0,0,0,2,0,0,0,0,0,0,0,3,0,0,0
mmu-miR-7013-5p,0,0,0,0,0,0,5,0,0,0,0,0,0,0,2
mmu-miR-7014-5p,0,0,0,0,0,0,0,0,3,0,0,0,0,0,0
mmu-miR-7015-3p,84,60,73,60,62,74,60,43,76,38,70,107,17,47,29
mmu-miR-7016-3p,4,0,0,0,0,0,0,0,0,0,0,2,0,0,0
mmu-miR-7017-3p,0,0,0,0,0,3,0,0,0,0,0,0,0,0,0
mmu-miR-7017-5p,0,0,0,0,3,0,0,0,0,0,0,0,0,0,0
mmu-miR-7018-3p,5,2,2,0,0,0,0,0,0,0,0,0,0,0,0
mmu-miR-7019-3p,0,0,0,0,0,0,0,0,0,0,2,0,0,0,0
mmu-miR-702-3p,13,6,6,8,3,3,9,14,5,11,5,10,0,7,2
mmu-miR-702-5p,0,0,2,0,3,3,0,10,2,4,5,4,0,0,0
mmu-miR-7020-3p,0,0,0,0,0,0,0,0,4,0,3,0,0,3,0
mmu-miR-7020-5p,0,0,0,0,0,0,0,0,0,0,0,0,2,0,0
mmu-miR-7021-3p,0,0,0,0,0,0,0,0,3,0,0,0,0,0,0
mmu-miR-7021-5p,4,4,0,0,0,0,0,0,2,2,7,4,0,2,0
mmu-miR-7022-3p,0,0,0,0,0,0,0,2,0,0,0,0,0,0,0
mmu-miR-7023-3p,0,0,0,0,0,2,0,5,0,0,6,0,0,0,0
mmu-miR-7024-3p,0,0,0,0,0,2,0,0,2,0,0,0,0,0,0
mmu-miR-7024-5p,0,0,0,0,0,0,0,0,0,0,0,0,0,3,0
mmu-miR-7025-3p,9,4,9,2,0,4,5,2,2,0,0,2,0,0,0
mmu-miR-7025-5p,0,0,0,0,0,0,0,3,0,0,0,0,0,0,0
mmu-miR-7026-5p,0,0,2,0,0,0,0,0,0,0,0,0,0,0,0
mmu-miR-7028-3p,0,0,2,0,0,0,0,0,0,0,0,0,0,0,0
mmu-miR-7029-3p,0,0,0,0,0,2,0,0,0,0,0,0,0,0,0
mmu-miR-7029-5p,0,0,2,0,0,0,0,0,2,0,0,0,0,0,0
mmu-miR-7030-3p,3,0,5,8,6,2,2,4,6,0,0,6,0,0,0
mmu-miR-7031-3p,0,0,2,2,0,0,0,0,2,2,0,0,0,0,0
mmu-miR-7031-5p,0,0,0,0,0,0,0,0,3,0,0,0,0,0,0
mmu-miR-7032-3p,0,2,0,0,0,2,0,0,0,0,2,0,2,3,0
mmu-miR-7033-3p,2,0,0,0,0,0,0,0,0,0,0,0,0,0,0
mmu-miR-7033-5p,0,0,0,0,0,2,0,0,0,0,0,0,0,0,0
mmu-miR-7035-3p,14,26,17,16,9,10,4,4,14,17,23,22,0,2,2
mmu-miR-7036a-3p,0,0,0,2,0,2,0,2,0,0,0,2,0,0,0
mmu-miR-7036b-5p,0,3,2,0,5,3,2,4,5,2,0,3,0,0,0
mmu-miR-7037-5p,0,0,2,0,0,0,0,0,0,0,0,0,0,2,0
mmu-miR-7038-5p,0,0,0,0,0,0,2,0,0,0,0,0,0,0,0
mmu-miR-7039-5p,0,0,0,0,0,0,0,0,2,0,0,0,0,0,0
mmu-miR-704,8,4,8,3,13,2,11,9,9,8,4,12,0,0,3
mmu-miR-7042-3p,0,2,4,0,2,0,5,0,2,2,2,2,0,0,2
mmu-miR-7042-5p,3,6,7,2,2,0,2,4,6,0,12,6,0,0,2
mmu-miR-7043-3p,86,51,57,40,13,31,24,16,53,61,59,55,0,5,5
mmu-miR-7045-3p,0,0,0,0,0,3,3,0,3,0,0,2,0,2,0
mmu-miR-7046-3p,71,41,46,37,67,59,37,54,85,31,65,75,35,86,46
mmu-miR-7048-3p,0,2,0,2,4,7,2,7,7,3,16,6,0,9,6
mmu-miR-7049-3p,0,0,0,0,0,0,0,2,0,0,0,0,0,0,0
mmu-miR-7049-5p,2,2,0,2,0,3,0,0,4,2,3,4,0,3,0
mmu-miR-705,0,0,0,0,0,0,0,0,0,0,0,2,0,0,0
mmu-miR-7050-3p,0,0,0,0,0,0,0,0,0,0,2,0,0,0,0
mmu-miR-7051-5p,0,0,0,0,0,0,0,0,2,0,2,0,0,0,0
mmu-miR-7052-3p,9,10,4,6,19,20,12,10,15,6,18,14,2,11,9
mmu-miR-7053-3p,0,0,0,0,0,0,4,0,0,0,0,0,0,0,0
mmu-miR-7054-3p,0,0,0,0,0,0,0,0,2,0,0,2,0,0,0
mmu-miR-7054-5p,0,3,2,0,0,0,0,0,0,0,5,0,0,0,2
mmu-miR-7057-3p,2,0,0,0,2,0,4,0,4,0,0,0,0,0,0
mmu-miR-7057-5p,0,2,3,0,0,0,0,0,0,0,0,2,0,0,0
mmu-miR-7059-5p,4,0,7,5,12,7,6,5,10,6,17,15,2,5,0
mmu-miR-706,0,0,0,0,0,0,0,0,0,0,0,0,2,0,0
mmu-miR-7060-3p,0,0,0,0,0,0,0,2,0,0,0,0,0,0,0
mmu-miR-7061-3p,0,2,0,0,0,0,0,0,0,0,0,0,0,0,0
mmu-miR-7061-5p,0,0,3,0,0,0,0,0,0,0,0,0,0,0,0
mmu-miR-7062-5p,2,0,0,0,0,0,0,0,0,0,0,0,0,0,0
mmu-miR-7063-3p,0,4,0,2,0,0,3,3,4,2,8,7,0,0,2
mmu-miR-7063-5p,0,5,6,6,6,0,10,0,12,0,3,0,0,0,7
mmu-miR-7065-3p,0,3,0,0,4,0,3,0,0,0,2,3,0,0,0
mmu-miR-7067-3p,2,2,2,0,0,4,2,0,2,0,0,0,0,0,0
mmu-miR-7068-3p,101,90,128,82,146,177,152,150,150,95,150,152,56,95,86
mmu-miR-7069-3p,0,3,0,0,0,2,0,0,0,0,0,0,0,0,2
mmu-miR-7069-5p,0,0,0,0,0,0,0,0,0,2,0,0,0,0,2
mmu-miR-7071-3p,0,0,2,0,2,0,0,0,0,0,0,0,0,0,0
mmu-miR-7072-3p,0,2,0,0,0,0,0,0,0,0,0,0,0,0,0
mmu-miR-7073-5p,0,0,0,0,0,2,0,4,0,0,0,0,0,0,0
mmu-miR-7074-3p,0,0,0,0,0,4,0,0,0,0,0,4,0,0,0
mmu-miR-7075-3p,27,16,23,10,21,22,15,16,27,10,17,22,8,9,12
mmu-miR-7077-3p,0,2,0,0,0,0,0,0,2,0,0,3,0,0,2
mmu-miR-708-3p,144,82,103,83,221,147,136,146,141,62,146,109,56,102,112
mmu-miR-708-5p,138,80,119,106,142,176,137,164,155,104,169,136,77,95,116
mmu-miR-7081-3p,0,2,2,0,0,0,4,2,2,2,2,0,0,0,0
mmu-miR-7082-3p,0,0,0,0,2,0,2,0,0,2,0,0,0,0,0
mmu-miR-7083-3p,9,10,12,6,0,4,2,5,7,2,7,14,0,2,0
mmu-miR-7083-5p,8,8,14,6,2,7,7,3,9,8,7,12,0,4,0
mmu-miR-7084-5p,2,0,2,0,0,2,0,0,2,0,0,3,0,0,0
mmu-miR-7085-3p,0,0,0,0,2,7,2,0,8,4,0,5,2,8,7
mmu-miR-7085-5p,0,0,0,0,0,0,0,0,0,0,0,2,0,0,0
mmu-miR-7086-3p,2,0,0,0,0,0,0,0,0,0,0,0,0,0,0
mmu-miR-7089-3p,0,0,0,0,0,0,0,2,3,0,2,0,0,0,0
mmu-miR-709,0,0,0,0,0,0,0,0,2,0,0,0,0,0,0
mmu-miR-7090-3p,0,0,0,0,0,0,0,0,2,0,0,0,0,0,0
mmu-miR-7091-3p,2,3,5,2,4,5,0,0,3,3,0,2,0,2,0
mmu-miR-7091-5p,3,0,9,0,4,0,3,2,3,0,0,6,0,0,0
mmu-miR-7093-3p,2,0,3,0,0,2,2,0,0,0,0,0,0,0,2
mmu-miR-7116-3p,2,4,0,0,0,6,0,0,5,0,4,2,0,3,0
mmu-miR-7117-3p,0,0,0,0,0,0,0,0,0,0,2,0,0,0,0
mmu-miR-7118-3p,4,2,2,4,0,0,0,3,0,0,2,4,0,0,0
mmu-miR-712-5p,0,0,0,0,2,2,0,0,0,0,0,0,6,0,2
mmu-miR-714,0,0,0,0,0,2,3,0,2,2,0,0,3,0,0
mmu-miR-7212-3p,0,0,0,0,0,0,0,0,0,0,0,0,2,0,0
mmu-miR-7212-5p,0,0,3,0,0,0,0,0,2,0,0,0,0,0,0
mmu-miR-7219-3p,2,4,6,2,0,4,2,0,7,3,6,3,4,4,2
mmu-miR-7224-3p,141,105,180,78,148,117,110,86,175,96,156,176,19,24,19
mmu-miR-7226-3p,53,39,66,36,60,97,40,30,65,38,57,66,25,29,30
mmu-miR-7228-5p,0,0,0,0,0,0,0,2,0,0,0,0,0,0,0
mmu-miR-7235-3p,3,0,4,5,4,9,3,3,2,0,5,4,3,3,3
mmu-miR-7236-3p,4,2,7,3,3,8,4,4,12,9,4,8,2,2,0
mmu-miR-7237-3p,8,3,2,0,2,6,2,0,2,0,2,6,0,0,0
mmu-miR-7238-5p,0,3,0,0,0,0,0,0,0,0,2,0,0,0,0
mmu-miR-7240-5p,5,0,5,5,10,2,7,12,5,3,14,12,11,21,6
mmu-miR-743a-3p,0,0,0,0,0,0,0,0,0,0,0,4,0,0,0
mmu-miR-743b-3p,5,3,0,6,2,8,14,8,29,3,17,3,7,3,4
mmu-miR-744-3p,156,114,174,135,288,252,225,236,250,117,228,213,95,150,130
mmu-miR-744-5p,5384,3938,6663,3811,6101,6543,4667,5630,7308,4761,8374,8228,2057,4488,2937
mmu-miR-758-3p,0,0,0,0,0,0,0,3,0,0,0,0,0,0,0
mmu-miR-760-3p,2,0,4,0,2,5,6,0,4,3,8,3,0,5,0
mmu-miR-7646-5p,0,0,0,0,2,0,0,0,5,2,0,0,0,0,0
mmu-miR-7647-3p,0,0,0,0,0,0,0,2,0,0,0,0,0,0,0
mmu-miR-7647-5p,0,0,0,0,0,2,0,3,0,0,0,0,2,4,0
mmu-miR-7648-3p,0,0,0,0,2,0,0,4,2,0,2,0,0,0,0
mmu-miR-7649-3p,0,2,0,2,0,0,0,0,2,0,0,0,0,0,0
mmu-miR-7651-3p,0,0,0,0,2,0,0,0,0,0,0,0,0,0,0
mmu-miR-7653-3p,4,2,4,2,3,4,2,9,8,3,12,6,0,8,7
mmu-miR-7653-5p,0,0,0,0,0,0,0,0,0,0,2,0,0,0,2
mmu-miR-7654-3p,0,0,0,0,0,2,0,0,0,0,0,0,0,0,0
mmu-miR-7654-5p,0,0,0,0,2,0,2,7,0,0,0,0,0,0,0
mmu-miR-7655-3p,0,0,0,0,2,4,0,0,6,2,0,3,0,2,0
mmu-miR-7655-5p,0,0,0,0,0,5,0,0,0,0,2,0,0,0,0
mmu-miR-7657-3p,2,0,0,0,0,0,0,0,0,0,2,0,2,0,0
mmu-miR-7658-3p,0,2,6,0,2,2,4,0,0,2,2,4,0,0,0
mmu-miR-7658-5p,0,2,0,0,0,0,0,0,0,0,0,0,0,0,0
mmu-miR-7659-5p,0,0,2,0,0,0,0,0,0,0,0,0,0,0,0
mmu-miR-7661-3p,13,4,7,10,12,13,9,7,11,6,4,9,4,6,0
mmu-miR-7662-5p,0,0,0,0,2,0,0,0,0,0,0,0,0,0,0
mmu-miR-7664-3p,0,0,0,0,2,0,2,0,2,0,0,0,0,0,0
mmu-miR-7664-5p,2,0,0,0,0,0,2,0,0,0,0,0,0,0,0
mmu-miR-7666-3p,2,0,0,0,0,0,0,0,0,0,0,0,0,0,0
mmu-miR-7667-3p,0,0,0,0,2,0,2,4,6,0,2,2,0,5,4
mmu-miR-7667-5p,0,0,0,0,0,2,4,0,2,0,0,5,0,0,0
mmu-miR-7669-3p,0,0,2,0,0,0,0,0,0,0,0,2,0,0,0
mmu-miR-7669-5p,3,0,2,0,0,0,0,0,0,0,0,0,0,2,2
mmu-miR-7670-3p,0,2,4,2,0,0,0,3,0,0,2,4,0,0,0
mmu-miR-7671-3p,2,0,3,0,0,0,0,0,0,0,0,2,0,0,0
mmu-miR-7673-3p,2,0,0,2,0,0,0,2,0,0,0,0,0,0,0
mmu-miR-7673-5p,0,0,0,0,0,0,0,0,0,0,0,2,0,0,0
mmu-miR-7674-3p,2,3,0,2,4,0,6,6,5,2,4,5,7,2,2
mmu-miR-7674-5p,0,0,0,2,0,0,3,0,0,0,0,0,0,0,0
mmu-miR-7675-3p,0,2,2,0,0,2,4,0,0,0,0,0,0,0,0
mmu-miR-7675-5p,3,0,0,0,0,0,0,0,0,0,0,0,0,0,0
mmu-miR-7676-3p,0,0,0,0,0,0,3,0,0,0,2,3,0,0,0
mmu-miR-7677-3p,0,0,0,0,2,0,0,0,0,0,0,0,0,0,0
mmu-miR-7681-5p,0,0,0,0,0,0,2,0,0,0,0,0,0,0,0
mmu-miR-7682-3p,0,0,0,0,0,0,0,0,0,0,0,2,0,0,0
mmu-miR-7685-5p,2,7,2,0,2,0,0,0,0,0,4,0,0,0,0
mmu-miR-7687-3p,0,2,3,0,0,0,0,2,0,0,4,0,0,2,0
mmu-miR-7687-5p,0,0,0,0,0,0,0,3,0,0,2,0,0,0,0
mmu-miR-7689-3p,2,5,0,2,0,2,3,4,0,0,3,2,0,0,0
mmu-miR-7a-1-3p,139,127,131,138,181,175,171,196,158,84,188,119,60,103,84
mmu-miR-7a-5p,84,55,53,61,164,143,214,201,111,62,122,64,37,78,70
mmu-miR-802-3p,213,140,174,149,561,511,517,462,406,204,456,411,97,242,173
mmu-miR-802-5p,686,464,488,448,1844,1834,1467,1369,1305,763,1477,1217,336,863,637
mmu-miR-8092,0,0,0,0,2,0,0,0,0,0,0,0,0,0,0
mmu-miR-8094,2,0,3,0,2,5,0,2,2,0,4,0,0,0,0
mmu-miR-8096,0,0,3,0,0,0,0,0,0,0,0,0,0,0,0
mmu-miR-8097,0,2,2,0,0,0,2,2,0,2,3,0,0,0,0
mmu-miR-8098,0,0,0,0,0,0,2,0,0,0,4,0,2,2,0
mmu-miR-8100,0,0,0,0,0,0,0,0,2,0,0,0,0,0,0
mmu-miR-8101,0,0,0,0,0,0,0,0,0,0,4,0,0,0,0
mmu-miR-8102,0,0,0,0,0,2,0,0,0,0,0,0,0,0,0
mmu-miR-8103,16,15,17,2,24,35,18,29,25,12,25,21,2,8,4
mmu-miR-8105,0,0,0,0,0,2,2,2,0,0,0,0,0,0,0
mmu-miR-8106,2,0,0,0,0,2,2,0,0,0,0,0,0,0,0
mmu-miR-8111,0,0,2,0,0,0,0,4,0,0,0,0,0,0,0
mmu-miR-8112,57,58,44,35,47,49,41,55,59,44,74,64,9,25,9
mmu-miR-8114,213,179,168,125,145,250,185,185,205,124,257,237,54,82,42
mmu-miR-8115,32,26,38,27,26,21,15,22,14,23,39,32,2,2,2
mmu-miR-8118,2,0,0,0,0,0,0,0,0,0,0,3,0,0,0
mmu-miR-8120,0,0,2,0,0,0,0,0,0,0,0,0,0,0,0
mmu-miR-871-3p,42,26,34,30,27,38,53,40,99,66,103,65,20,20,27
mmu-miR-871-5p,0,3,3,2,8,3,4,0,6,9,5,11,6,0,0
mmu-miR-872-3p,2880,2116,2386,2141,3134,3446,2944,2890,3341,1726,3363,2938,1081,1833,1496
mmu-miR-872-5p,7976,4924,6642,5291,6380,6963,6069,6370,6649,4254,8848,6283,1651,2765,2435
mmu-miR-873a-3p,0,0,0,0,0,0,0,2,0,0,0,0,0,0,0
mmu-miR-873a-5p,0,0,0,0,0,2,0,0,0,0,0,0,0,0,0
mmu-miR-874-3p,415,319,381,474,762,893,750,853,1608,504,825,568,1032,1664,1287
mmu-miR-874-5p,106,83,76,62,153,169,134,165,215,81,128,101,148,236,196
mmu-miR-877-3p,23,31,26,15,82,97,71,57,74,38,69,75,21,43,34
mmu-miR-877-5p,120,114,169,127,165,170,160,137,138,125,186,181,56,109,67
mmu-miR-878-3p,0,0,0,0,0,0,0,0,2,0,0,0,0,0,0
mmu-miR-878-5p,2,0,0,0,4,10,2,3,6,7,0,3,0,0,0
mmu-miR-879-3p,4,3,6,0,0,0,0,0,0,2,0,4,0,0,0
mmu-miR-879-5p,19,17,14,9,21,14,26,26,9,2,9,4,5,4,18
mmu-miR-880-3p,0,0,0,0,2,0,0,0,0,0,0,0,0,0,2
mmu-miR-881-3p,12,9,7,8,10,17,14,7,32,7,18,23,6,2,4
mmu-miR-883a-3p,2,0,0,0,0,0,0,0,2,0,0,4,0,0,0
mmu-miR-883b-3p,0,0,0,0,0,0,0,0,2,0,0,0,0,0,0
mmu-miR-883b-5p,0,0,0,0,0,0,0,0,2,0,0,0,0,0,0
mmu-miR-9-3p,73,43,48,46,63,53,68,52,63,28,51,34,23,24,33
mmu-miR-9-5p,5530,3984,4831,3658,3210,3481,3999,3990,3188,1977,4268,2480,1312,1536,2178
mmu-miR-92a-1-5p,678,381,690,540,926,856,758,781,600,475,957,773,97,168,144
mmu-miR-92a-3p,180333,142134,205551,139336,164618,176262,147770,163245,164583,122845,236710,240923,45913,70606,56000
mmu-miR-92b-3p,9864,6787,9781,7666,10274,10762,7902,8182,7811,5688,11940,11608,1685,2516,2467
mmu-miR-92b-5p,2,3,6,5,3,0,6,0,2,0,5,3,0,0,0
mmu-miR-93-3p,220,174,200,138,218,222,165,159,209,149,275,247,31,93,54
mmu-miR-93-5p,28703,20202,27692,21797,24488,26124,21863,21060,26349,18429,34021,31012,7196,11542,10323
mmu-miR-935,8,7,3,4,6,2,4,4,5,4,5,11,0,0,2
mmu-miR-96-3p,2,2,4,0,0,0,5,0,0,0,3,3,0,0,0
mmu-miR-96-5p,406,339,640,288,401,331,363,248,231,287,525,256,89,77,160
mmu-miR-9769-3p,9,8,20,2,22,18,19,14,20,8,13,16,10,19,13
mmu-miR-98-3p,224,151,195,140,454,447,355,376,470,240,369,335,120,278,216
mmu-miR-98-5p,12068,10347,14446,10357,12603,14994,14700,15329,13949,10986,15509,12310,5442,8975,7445
mmu-miR-99a-3p,425,395,454,262,325,357,342,320,382,211,397,345,187,228,257
mmu-miR-99a-5p,4235,3313,5121,4089,4858,4705,4282,4513,5044,2980,5300,3702,2520,3299,3461
mmu-miR-99b-3p,870,674,1030,679,688,770,672,699,608,451,780,847,166,219,164
mmu-miR-99b-5p,50769,39602,74493,46534,41180,45080,38941,35667,48220,30011,60699,45038,18832,20862,19180
