mirna,A178_day3,A180_day7,A181_day7,A189_day14,A196_normal,A200_normal,A201_normal,A74_day3,A75_day3,A80_day7,A84_day14,A85_day14
mmu-let-7a-1-3p,695,872,480,448,521,723,543,824,552,550,692,447
mmu-let-7a-2-3p,0,0,2,3,0,0,0,0,2,2,0,0
mmu-let-7a-5p,40161,45826,29992,33112,30441,33515,22278,39657,25238,32382,34455,19740
mmu-let-7b-3p,623,821,398,410,536,880,425,676,438,531,690,372
mmu-let-7b-5p,14378,16658,10852,12955,10053,11691,8034,13621,8242,11004,11885,7080
mmu-let-7c-1-3p,9,15,8,7,8,8,9,12,8,4,23,8
mmu-let-7c-2-3p,695,872,480,448,521,723,543,824,552,550,692,447
mmu-let-7c-5p,55056,62545,41927,50123,35455,39673,24838,52531,31179,41424,43612,24859
mmu-let-7d-3p,3368,4293,2406,2227,2443,2632,1630,4058,2048,2664,2930,1501
mmu-let-7d-5p,8448,10544,6287,6561,6820,8026,5435,7639,4981,6685,6895,3726
mmu-let-7e-3p,100,138,71,79,69,100,61,120,85,103,115,46
mmu-let-7e-5p,4251,6020,3358,4112,2134,2680,1796,4430,2832,4309,3882,2191
mmu-let-7f-1-3p,158,158,92,90,118,174,98,182,82,126,115,72
mmu-let-7f-2-3p,243,339,189,201,215,275,165,298,169,206,281,153
mmu-let-7f-5p,118188,157384,83325,88133,96866,104845,73322,115449,76050,100405,115223,60469
mmu-let-7g-3p,55,83,39,42,53,71,38,71,33,42,46,40
mmu-let-7g-5p,27989,31576,19935,19328,24926,28314,20148,27604,17690,21157,23974,14486
mmu-let-7i-3p,118,180,82,111,42,65,36,125,64,137,109,44
mmu-let-7i-5p,43284,59233,34087,40052,11535,13910,8631,45964,31611,45361,32991,16397
mmu-let-7j,15,28,18,21,3,5,3,22,7,21,15,3
mmu-miR-100-3p,3,6,4,4,0,2,0,2,0,0,2,0
mmu-miR-100-5p,465,940,583,840,343,682,1200,535,453,780,937,576
mmu-miR-101a-3p,39771,54919,31170,29946,47561,69122,40037,39556,25680,32111,43450,25589
mmu-miR-101a-5p,159,174,105,103,191,280,195,125,92,112,142,85
mmu-miR-101b-3p,2358,3997,1991,2105,2553,3668,2065,2468,1604,2023,2526,1412
mmu-miR-101c,7,8,12,5,19,21,17,7,2,2,7,3
mmu-miR-103-2-5p,2,2,2,2,0,0,0,0,0,2,0,4
mmu-miR-103-3p,12742,19817,10042,10498,11599,16321,9242,12761,8856,12493,13509,7944
mmu-miR-106a-5p,22,30,10,18,29,46,30,26,11,10,36,17
mmu-miR-106b-3p,418,513,357,317,206,272,146,423,271,337,302,151
mmu-miR-106b-5p,654,2132,618,542,334,465,346,799,432,756,552,309
mmu-miR-107-3p,7700,9839,4979,4337,10169,13978,7902,7215,4913,4984,8128,4756
mmu-miR-107-5p,30,12,10,9,19,16,14,15,5,7,18,4
mmu-miR-10a-3p,556,984,615,605,395,722,488,634,425,806,877,474
mmu-miR-10a-5p,594163,973477,578114,668515,414573,781369,486311,700443,486010,953885,948081,559612
mmu-miR-10b-3p,87,142,92,86,64,134,102,129,51,75,124,59
mmu-miR-10b-5p,454311,684404,414456,481128,426633,766711,407922,506425,353127,629652,749951,450399
mmu-miR-1191a,22,26,20,13,21,25,15,26,14,21,25,7
mmu-miR-1191b-5p,6,12,7,7,12,8,9,12,7,9,6,2
mmu-miR-1194,3,10,2,3,2,3,6,12,6,8,4,2
mmu-miR-1198-3p,0,2,0,0,0,0,0,0,0,0,0,0
mmu-miR-1198-5p,296,296,197,199,280,275,198,274,196,231,276,155
mmu-miR-1199-3p,6,2,0,0,4,9,6,10,0,3,4,4
mmu-miR-1199-5p,228,170,121,60,154,204,103,225,112,104,94,50
mmu-miR-122-5p,0,0,0,0,0,2,2,4,0,0,0,0
mmu-miR-1231-5p,0,0,0,2,0,0,0,0,0,0,0,0
mmu-miR-1247-3p,12,15,15,9,9,7,3,13,8,6,5,2
mmu-miR-1247-5p,81,103,86,123,73,80,72,112,65,114,101,42
mmu-miR-1249-3p,140,162,102,109,60,76,64,119,76,102,98,50
mmu-miR-1258-3p,9,7,4,2,9,18,3,9,3,4,3,3
mmu-miR-1258-5p,3,6,4,3,2,6,9,7,4,0,3,2
mmu-miR-125a-3p,61,72,42,56,33,43,23,79,49,51,51,25
mmu-miR-125a-5p,13270,17905,13264,15787,10140,18753,18829,15527,11347,19934,21218,11160
mmu-miR-125b-1-3p,452,531,262,356,177,233,158,584,316,421,387,191
mmu-miR-125b-2-3p,537,971,463,515,583,1036,559,595,364,494,745,379
mmu-miR-125b-5p,4336,7032,4057,5603,3586,5845,6409,4651,3186,5412,6134,3449
mmu-miR-126a-3p,12525,16624,9451,8883,12057,17028,12054,11884,9392,11400,14641,8324
mmu-miR-126a-5p,41031,58787,33292,31809,42855,64781,34415,47741,31143,40175,50928,29460
mmu-miR-127-3p,794,1195,666,775,678,784,423,1097,754,991,912,698
mmu-miR-127-5p,2,5,3,4,0,3,0,6,2,0,0,0
mmu-miR-128-1-5p,29,18,11,13,12,16,10,27,11,15,10,4
mmu-miR-128-2-5p,0,2,0,0,0,0,0,0,0,0,0,0
mmu-miR-128-3p,593,727,431,380,442,462,366,558,379,419,582,201
mmu-miR-129-1-3p,6,3,2,3,5,3,2,2,0,4,3,3
mmu-miR-129-2-3p,0,5,0,3,3,2,2,8,0,5,2,4
mmu-miR-129-5p,10,19,11,4,3,12,12,22,6,7,4,6
mmu-miR-1291,0,4,2,3,2,5,2,0,7,0,0,6
mmu-miR-1306-3p,4,0,0,0,0,0,0,2,0,0,3,0
mmu-miR-1306-5p,14,26,19,18,14,14,8,31,7,23,10,8
mmu-miR-130a-3p,4235,6609,3651,4305,3028,4872,3645,4722,3132,4620,5489,2799
mmu-miR-130a-5p,13,6,2,3,3,0,4,8,4,3,6,0
mmu-miR-130b-3p,192,342,154,127,26,57,26,262,195,240,164,84
mmu-miR-130b-5p,41,72,32,26,6,8,9,42,21,45,40,17
mmu-miR-132-3p,1472,2086,1185,1524,215,269,155,1553,1030,1698,1165,546
mmu-miR-132-5p,39,74,28,48,7,5,8,51,30,60,45,14
mmu-miR-133a-3p,71,116,36,75,131,160,65,64,100,48,62,80
mmu-miR-133a-5p,0,0,0,0,0,0,0,0,0,2,0,0
mmu-miR-133b-3p,8,8,3,2,2,6,0,0,5,0,0,0
mmu-miR-134-5p,6,6,0,2,0,2,0,10,4,2,0,0
mmu-miR-135a-5p,0,2,0,2,0,5,0,0,0,0,0,2
mmu-miR-136-3p,42,90,37,55,41,49,39,70,34,44,33,34
mmu-miR-136-5p,4,20,17,16,15,9,14,16,10,4,27,11
mmu-miR-138-2-3p,0,0,0,0,0,0,0,0,2,0,2,0
mmu-miR-138-5p,100,140,86,99,58,87,46,104,60,84,103,62
mmu-miR-139-3p,2,3,4,3,0,2,0,5,3,6,2,3
mmu-miR-139-5p,457,646,377,384,266,482,254,523,354,514,454,250
mmu-miR-140-3p,8302,10368,6638,7114,7277,9994,5808,8459,5593,7786,8909,5134
mmu-miR-140-5p,290,440,218,290,294,349,219,287,261,319,438,308
mmu-miR-141-3p,3416,7044,3703,4395,2625,5206,3502,4837,2344,4879,5881,2766
mmu-miR-141-5p,87,106,63,79,29,80,35,80,36,71,100,29
mmu-miR-142a-3p,464,1095,373,461,111,146,105,458,537,629,556,337
mmu-miR-142a-5p,5687,14625,5849,6466,1852,3186,2183,7019,5910,7405,9293,4388
mmu-miR-143-3p,334790,551983,298676,354006,320554,417044,223563,357497,244482,309586,389070,234894
mmu-miR-143-5p,75,146,85,90,73,81,65,85,78,116,100,52
mmu-miR-144-3p,71,189,41,39,202,277,91,124,39,156,190,18
mmu-miR-144-5p,61,194,25,17,149,245,72,57,29,91,162,18
mmu-miR-145a-3p,563,920,639,696,611,861,897,836,504,632,846,438
mmu-miR-145a-5p,3457,4006,2620,3643,1799,2451,1947,3566,3827,4907,3898,3616
mmu-miR-146a-3p,0,0,0,2,0,0,0,0,0,0,0,0
mmu-miR-146a-5p,986,2758,1122,1550,804,1038,1174,1447,1099,1501,3001,1685
mmu-miR-146b-3p,0,0,0,0,0,0,0,3,0,4,0,2
mmu-miR-146b-5p,2355,4109,1975,3031,340,447,438,3301,2915,4223,3738,2015
mmu-miR-147-3p,11,17,6,20,0,4,0,29,11,12,8,8
mmu-miR-148a-3p,13999,21144,11116,16474,9005,13528,7035,17880,12535,20775,24342,13334
mmu-miR-148a-5p,117,174,107,130,52,114,61,141,59,104,147,79
mmu-miR-148b-3p,4095,5509,3409,3167,3279,4456,2637,4823,3212,5147,5052,2682
mmu-miR-148b-5p,149,194,113,88,117,159,119,137,107,167,166,83
mmu-miR-149-5p,447,512,357,425,439,624,516,408,278,383,521,273
mmu-miR-150-3p,2,0,0,0,0,0,2,0,2,0,2,0
mmu-miR-150-5p,1371,2286,1014,1066,932,1516,1265,1251,1085,948,1991,1002
mmu-miR-151-3p,17935,19260,14013,14212,14818,21629,11400,21264,12890,15246,19793,10876
mmu-miR-151-5p,4743,7492,4362,4398,5245,8147,6628,5449,3542,4807,6355,3555
mmu-miR-152-3p,716,987,620,780,662,909,678,708,463,730,881,495
mmu-miR-152-5p,339,492,304,313,238,401,225,342,248,450,487,296
mmu-miR-153-3p,2,0,3,0,0,0,2,2,0,0,3,4
mmu-miR-154-5p,2,3,2,3,0,2,0,0,2,0,2,3
mmu-miR-155-3p,0,2,2,0,0,0,2,0,0,2,3,0
mmu-miR-155-5p,404,455,250,272,219,276,195,541,365,343,355,198
mmu-miR-15a-3p,31,42,20,22,17,12,9,35,12,16,16,8
mmu-miR-15a-5p,2975,5622,2946,2873,2562,3443,2618,3207,2398,3428,3282,1764
mmu-miR-15b-3p,141,191,109,75,60,79,46,180,76,110,97,52
mmu-miR-15b-5p,686,988,469,408,229,291,212,879,572,768,433,236
mmu-miR-16-1-3p,89,134,58,60,50,69,39,96,70,83,58,32
mmu-miR-16-2-3p,20,31,15,14,11,12,15,17,9,23,16,4
mmu-miR-16-5p,48132,79714,42340,34815,30628,44631,26971,54596,46560,68521,58075,30975
mmu-miR-1668,0,3,0,0,0,0,0,0,0,2,0,0
mmu-miR-17-3p,92,145,94,55,41,66,42,98,69,109,101,52
mmu-miR-17-5p,954,1458,706,656,376,526,368,1170,912,1226,716,470
mmu-miR-181a-1-3p,471,940,416,645,374,638,397,462,301,598,955,438
mmu-miR-181a-2-3p,168,252,140,227,82,192,87,176,119,279,268,127
mmu-miR-181a-5p,64184,111040,60291,90326,66440,118014,62371,62942,41177,77770,129958,65728
mmu-miR-181b-1-3p,18,33,9,8,7,19,4,17,3,15,27,5
mmu-miR-181b-2-3p,0,2,0,0,0,0,0,0,0,0,0,0
mmu-miR-181b-5p,5615,7173,3928,5208,4307,6615,3839,5326,3853,5432,6967,3552
mmu-miR-181c-3p,400,920,462,727,190,324,181,472,268,697,673,309
mmu-miR-181c-5p,3688,8530,4564,8209,3698,6436,3568,3599,2605,5974,8163,4242
mmu-miR-181d-3p,0,0,2,0,0,0,0,0,0,0,0,0
mmu-miR-181d-5p,902,1539,930,1461,403,644,366,1040,656,1753,1595,797
mmu-miR-182-3p,0,0,0,2,0,0,0,3,0,0,0,0
mmu-miR-182-5p,18377,30664,19387,21661,6462,12603,6727,28053,16947,37456,22382,10729
mmu-miR-183-3p,28,33,25,22,0,16,11,25,14,31,14,4
mmu-miR-183-5p,1432,2633,1406,1505,387,735,340,2283,1390,3045,1607,822
mmu-miR-1839-3p,55,85,57,54,65,82,62,75,52,65,68,53
mmu-miR-1839-5p,1018,1468,868,1037,925,1288,764,1052,649,860,990,562
mmu-miR-184-3p,38,93,44,49,19,47,24,77,54,66,40,36
mmu-miR-1843a-3p,45,56,36,50,24,34,18,40,14,20,39,29
mmu-miR-1843a-5p,1087,1708,927,964,1246,1711,1039,1158,620,836,1144,582
mmu-miR-1843b-3p,134,199,97,108,164,211,157,153,82,115,212,87
mmu-miR-1843b-5p,829,1351,733,878,918,1191,734,925,455,647,955,467
mmu-miR-185-3p,28,28,18,13,19,26,15,16,8,13,19,11
mmu-miR-185-5p,300,285,256,188,332,380,286,241,130,175,238,171
mmu-miR-186-3p,2,10,3,2,0,8,6,6,6,12,5,2
mmu-miR-186-5p,6990,8570,5278,4994,4919,7230,5234,7521,5822,7616,8225,4979
mmu-miR-187-3p,1501,1332,1015,867,1711,1821,1147,1291,735,679,986,619
mmu-miR-187-5p,31,26,9,12,35,65,40,19,16,14,29,12
mmu-miR-188-3p,3,8,3,0,0,4,8,4,3,4,7,2
mmu-miR-188-5p,146,201,116,100,129,162,109,175,106,125,116,57
mmu-miR-18a-3p,43,32,35,13,7,7,9,33,40,37,15,7
mmu-miR-18a-5p,221,286,166,118,46,50,32,293,217,197,91,44
mmu-miR-18b-3p,0,2,0,0,0,0,2,2,0,0,2,0
mmu-miR-18b-5p,2,7,0,0,4,0,3,4,2,4,0,2
mmu-miR-190a-3p,28,30,17,16,38,35,38,25,19,14,26,17
mmu-miR-190a-5p,556,678,315,345,754,986,777,504,379,449,658,507
mmu-miR-190b-5p,6,16,12,5,12,28,11,21,12,12,12,4
mmu-miR-191-3p,55,69,42,28,37,60,47,50,33,47,43,25
mmu-miR-191-5p,48041,61874,37791,38528,29221,44024,25572,55431,40170,57088,55062,31521
mmu-miR-192-3p,115,131,72,46,98,117,62,76,69,82,88,70
mmu-miR-192-5p,386906,454566,297252,237240,480247,677464,379031,415127,228635,271226,384859,214679
mmu-miR-1927,0,4,0,3,2,7,0,7,2,4,3,0
mmu-miR-1930-5p,0,2,0,0,0,0,0,0,0,0,0,0
mmu-miR-1932,0,2,0,0,0,0,0,0,0,0,2,0
mmu-miR-1933-3p,10,10,7,9,2,9,4,4,11,7,7,7
mmu-miR-1934-5p,4,7,7,9,0,9,7,4,2,10,9,6
mmu-miR-193a-3p,1051,1199,676,579,1292,1847,1365,796,546,510,862,487
mmu-miR-193a-5p,12,13,9,6,21,17,19,8,9,8,9,10
mmu-miR-193b-3p,65,102,72,95,103,138,98,95,68,86,102,100
mmu-miR-193b-5p,0,2,0,0,0,0,0,0,0,0,0,0
mmu-miR-194-2-3p,93,80,67,67,83,88,75,107,66,43,56,36
mmu-miR-194-5p,11587,13610,7960,6264,12984,17872,10456,11843,7809,9329,12222,6893
mmu-miR-1941-3p,0,2,0,0,0,4,2,0,0,0,2,0
mmu-miR-1941-5p,0,0,0,0,0,0,0,0,0,0,4,0
mmu-miR-1943-3p,0,0,0,2,0,0,0,2,2,0,0,0
mmu-miR-1943-5p,24,28,11,11,15,25,13,21,15,19,13,15
mmu-miR-1945,0,2,0,0,0,0,0,2,0,2,0,0
mmu-miR-1947-5p,71,85,50,60,83,99,59,94,43,53,72,34
mmu-miR-1948-3p,16,11,7,5,20,34,18,11,10,8,13,8
mmu-miR-1948-5p,5,4,2,0,4,3,4,4,4,3,3,0
mmu-miR-1949,0,0,3,0,0,0,0,0,0,2,0,0
mmu-miR-1954,0,5,0,2,0,0,0,4,0,0,0,0
mmu-miR-1955-3p,0,0,0,0,0,0,0,5,0,0,2,0
mmu-miR-1955-5p,13,2,3,2,4,6,3,3,3,5,2,3
mmu-miR-1956,0,2,0,0,0,0,0,0,0,3,0,0
mmu-miR-1957a,21,19,21,21,7,16,9,21,5,7,4,5
mmu-miR-195a-3p,107,150,76,89,105,127,92,90,66,96,187,90
mmu-miR-195a-5p,1995,3009,1535,1978,1217,1946,1379,1774,1392,2271,2557,1575
mmu-miR-1960,0,3,0,0,0,2,2,0,3,5,5,0
mmu-miR-1964-3p,95,101,54,47,61,89,53,94,43,73,108,32
mmu-miR-1964-5p,0,0,0,0,0,0,0,0,0,0,0,2
mmu-miR-1966-3p,0,3,4,2,0,0,0,0,0,3,0,0
mmu-miR-1968-3p,0,0,0,0,0,0,0,0,0,0,0,2
mmu-miR-1968-5p,44,37,32,24,63,82,44,35,21,27,45,34
mmu-miR-196a-1-3p,26,22,22,19,17,55,30,20,13,25,24,14
mmu-miR-196a-2-3p,78,153,60,91,68,112,59,86,57,89,89,56
mmu-miR-196a-5p,3222,4485,2618,3190,2830,3481,2152,3485,2214,2952,3720,2370
mmu-miR-196b-3p,21,40,25,25,22,26,10,20,17,21,22,10
mmu-miR-196b-5p,4814,6030,3773,4470,3908,4821,2896,4811,3081,5030,5825,3458
mmu-miR-1981-3p,78,95,74,58,115,161,125,81,64,95,123,64
mmu-miR-1981-5p,105,86,69,62,72,88,79,88,76,90,107,62
mmu-miR-1982-3p,0,2,0,0,4,6,0,5,4,2,4,0
mmu-miR-1982-5p,0,0,0,0,0,0,0,2,0,0,0,0
mmu-miR-1983,21,21,9,5,8,2,0,32,18,24,9,8
mmu-miR-199a-3p,15293,35171,20339,33267,8336,9194,6067,15898,9186,23188,27163,13833
mmu-miR-199a-5p,1397,3502,1695,2693,548,802,618,1752,1257,3105,2712,1422
mmu-miR-199b-3p,15293,35163,20337,33267,8336,9194,6067,15893,9186,23184,27161,13833
mmu-miR-199b-5p,94,343,83,181,44,49,50,85,80,157,182,120
mmu-miR-19a-3p,356,550,279,254,61,104,76,364,343,544,236,197
mmu-miR-19a-5p,3,4,0,0,2,2,0,2,0,2,0,0
mmu-miR-19b-1-5p,0,4,0,0,2,2,0,0,0,0,0,0
mmu-miR-19b-3p,2283,4561,1991,2182,688,1138,861,2295,2239,3941,2171,1661
mmu-miR-1a-3p,2,8,4,0,2,6,3,2,4,3,8,6
mmu-miR-1b-3p,0,0,0,0,0,0,0,2,0,0,2,0
mmu-miR-200a-3p,5789,8430,5139,5140,5922,8695,6742,5888,3602,5081,6240,3573
mmu-miR-200a-5p,441,523,348,315,361,621,365,459,258,341,402,203
mmu-miR-200b-3p,19624,26618,15458,13615,14301,21092,16543,21740,14861,23034,21683,12494
mmu-miR-200b-5p,148,204,130,132,142,213,143,180,106,131,155,83
mmu-miR-200c-3p,734,1436,825,959,429,776,555,896,455,1067,1056,521
mmu-miR-200c-5p,2,4,2,2,0,0,0,3,0,0,0,0
mmu-miR-201-5p,2,3,5,3,2,5,0,0,2,2,7,0
mmu-miR-203-3p,2450,3137,1886,1904,3486,4700,2883,2426,1704,1810,3265,1972
mmu-miR-203-5p,10,16,4,4,18,19,16,6,2,8,14,6
mmu-miR-204-3p,0,0,3,0,2,0,0,0,0,0,0,0
mmu-miR-204-5p,2052,3044,1832,2274,1228,1549,1129,2215,1354,2480,2677,1308
mmu-miR-205-3p,0,3,2,2,4,9,0,3,3,2,4,0
mmu-miR-205-5p,374,806,342,780,336,928,242,556,596,380,588,421
mmu-miR-208a-3p,0,0,0,0,0,0,2,0,2,0,0,2
mmu-miR-208b-3p,0,0,0,0,3,0,0,0,0,0,2,0
mmu-miR-20a-3p,8,12,10,7,4,9,7,11,8,23,9,7
mmu-miR-20a-5p,801,1229,610,548,357,571,369,805,629,892,584,358
mmu-miR-20b-3p,0,0,0,0,2,3,0,2,2,0,3,0
mmu-miR-20b-5p,30,42,27,18,53,84,80,36,26,15,53,41
mmu-miR-210-3p,300,431,192,240,170,321,170,300,162,258,304,124
mmu-miR-210-5p,21,9,4,16,12,29,9,16,8,9,17,11
mmu-miR-211-5p,0,0,0,0,0,0,0,0,0,0,0,2
mmu-miR-212-3p,271,330,191,170,23,37,11,281,174,208,105,49
mmu-miR-212-5p,45,74,46,38,6,7,6,37,45,81,52,28
mmu-miR-2137,5,33,15,19,10,6,0,13,7,4,5,8
mmu-miR-214-3p,1016,1404,970,1302,166,212,167,1469,917,1259,765,452
mmu-miR-214-5p,129,273,139,205,39,52,42,179,115,203,194,84
mmu-miR-215-5p,9,23,8,6,18,23,13,24,9,10,20,10
mmu-miR-218-1-3p,9,16,4,3,17,14,9,14,7,9,10,6
mmu-miR-218-5p,601,1027,544,679,685,930,635,766,459,625,838,534
mmu-miR-219a-1-3p,26,22,29,6,22,25,11,28,18,14,27,13
mmu-miR-219a-2-3p,0,0,0,0,0,0,0,2,0,0,0,0
mmu-miR-219a-5p,6,21,3,2,4,7,2,2,2,3,4,4
mmu-miR-21a-3p,4839,5626,3066,2280,706,1020,431,6801,3801,3880,1758,796
mmu-miR-21a-5p,318757,489995,261153,242117,58133,79731,43064,391895,265425,389296,203935,98740
mmu-miR-22-3p,460303,588322,320880,280415,467919,623947,428982,478525,315382,354164,456192,246541
mmu-miR-22-5p,258,369,197,204,218,291,212,299,159,202,219,130
mmu-miR-221-3p,7322,8173,5265,5337,4157,4890,3059,7721,4641,5749,5433,3286
mmu-miR-221-5p,115,189,89,89,49,117,139,134,161,272,193,109
mmu-miR-222-3p,5159,5201,2694,2593,4004,4704,2880,4681,3397,3836,4346,2292
mmu-miR-222-5p,45,51,40,28,43,50,25,39,25,40,40,22
mmu-miR-223-3p,689,1739,655,550,90,183,144,1106,831,973,584,257
mmu-miR-223-5p,14,28,10,17,0,0,0,13,17,14,15,2
mmu-miR-224-3p,0,2,0,0,0,0,0,0,0,0,0,0
mmu-miR-224-5p,59,94,48,63,15,38,43,86,45,90,86,29
mmu-miR-23a-3p,2997,4152,2364,3088,1651,2169,1636,3318,2626,3629,3041,2049
mmu-miR-23a-5p,0,0,0,4,0,0,0,2,0,0,0,0
mmu-miR-23b-3p,9720,10149,7160,8885,4646,6037,4251,9661,8148,9453,8151,5473
mmu-miR-24-1-5p,26,46,39,23,23,41,21,40,27,39,38,26
mmu-miR-24-2-5p,647,1152,618,720,436,692,568,741,548,954,825,492
mmu-miR-24-3p,4056,7301,4030,4996,3035,4116,2965,5061,2939,5281,5121,3136
mmu-miR-25-3p,10159,13721,8659,8880,5773,7990,4218,12496,7231,10426,9710,4645
mmu-miR-25-5p,28,14,10,12,6,10,4,13,17,17,22,7
mmu-miR-26a-1-3p,15,17,11,24,11,7,4,9,5,16,10,6
mmu-miR-26a-2-3p,37,39,25,36,11,20,14,31,26,18,21,15
mmu-miR-26a-5p,132385,180511,118634,140160,133225,198795,145858,136118,91974,135363,194544,106488
mmu-miR-26b-3p,164,178,118,120,164,192,161,141,85,93,165,83
mmu-miR-26b-5p,27100,31214,19928,20594,24409,33099,21100,26260,17080,21699,28284,15738
mmu-miR-27a-3p,9324,15827,8378,9113,8099,11534,9050,9902,5499,7482,9663,4828
mmu-miR-27a-5p,61,71,39,44,17,31,13,64,31,38,51,31
mmu-miR-27b-3p,133993,202007,118915,129409,120472,186274,110734,147710,88295,126992,161765,86660
mmu-miR-27b-5p,249,322,145,181,133,231,134,191,147,195,259,111
mmu-miR-28a-3p,874,1005,640,674,419,503,322,865,572,727,629,325
mmu-miR-28a-5p,1258,2016,1069,1202,960,1381,1124,1205,828,1215,1391,672
mmu-miR-296-3p,2,5,2,3,0,0,0,13,6,6,3,0
mmu-miR-296-5p,10,10,4,12,0,0,0,10,8,7,10,5
mmu-miR-297a-3p,2,6,3,4,2,0,0,5,2,3,2,4
mmu-miR-297a-5p,0,5,0,2,0,0,0,0,0,2,0,0
mmu-miR-297b-3p,2,6,3,4,2,0,0,5,2,3,2,4
mmu-miR-297b-5p,0,0,2,0,0,0,0,0,0,0,0,0
mmu-miR-297c-3p,2,6,3,4,2,0,0,5,2,3,2,4
mmu-miR-297c-5p,0,0,2,0,0,0,0,0,0,0,0,0
mmu-miR-298-5p,128,196,82,79,6,5,11,142,128,149,71,34
mmu-miR-299a-3p,12,3,2,0,0,0,0,3,5,0,0,0
mmu-miR-299a-5p,0,4,0,0,0,0,0,0,0,0,0,0
mmu-miR-29a-3p,10894,15158,9176,8946,10708,15751,12592,13442,7686,9189,11641,6575
mmu-miR-29a-5p,54,72,45,58,50,80,43,64,30,56,56,39
mmu-miR-29b-1-5p,11,17,4,6,6,9,3,18,11,9,10,6
mmu-miR-29b-2-5p,13,12,16,6,19,15,20,13,12,6,13,7
mmu-miR-29b-3p,709,1149,590,518,569,831,656,853,490,641,629,461
mmu-miR-29c-3p,2170,3201,1736,1437,2766,3769,3351,2587,1594,1549,2204,1322
mmu-miR-29c-5p,61,102,50,49,63,84,70,76,47,51,71,49
mmu-miR-300-3p,21,36,9,11,10,28,5,35,22,23,17,19
mmu-miR-301a-3p,3800,6886,3869,3321,2189,3440,1912,4209,3270,6965,5182,3149
mmu-miR-301a-5p,9,9,10,6,6,13,9,7,6,7,11,3
mmu-miR-301b-3p,36,54,34,22,7,10,0,28,41,72,20,8
mmu-miR-3057-3p,0,0,0,0,2,0,0,0,0,0,0,0
mmu-miR-3057-5p,69,43,37,25,49,57,38,43,46,31,43,19
mmu-miR-3058-3p,2,6,5,2,0,2,4,4,2,2,4,0
mmu-miR-3058-5p,0,0,0,2,0,0,0,0,0,0,0,0
mmu-miR-3060-3p,3,11,3,6,6,16,4,11,3,5,7,2
mmu-miR-3061-3p,5,10,5,3,10,23,16,17,14,8,20,12
mmu-miR-3061-5p,7,5,4,3,0,9,6,7,2,4,7,3
mmu-miR-3062-5p,0,0,0,0,0,0,0,2,0,0,0,0
mmu-miR-3064-5p,0,0,0,4,3,2,0,0,0,0,0,2
mmu-miR-3066-3p,0,3,0,0,0,0,0,0,0,0,0,0
mmu-miR-3066-5p,5,7,4,11,0,5,0,0,10,5,0,5
mmu-miR-3068-3p,280,340,247,177,277,363,241,247,169,223,313,190
mmu-miR-3068-5p,24,38,15,11,16,18,17,21,17,31,21,15
mmu-miR-3069-3p,3,3,0,0,3,0,0,0,2,0,0,0
mmu-miR-3069-5p,3,2,0,0,3,2,0,2,0,0,0,0
mmu-miR-3073a-3p,4,3,5,0,4,5,3,3,2,0,0,2
mmu-miR-3073b-3p,50,37,33,3,102,138,86,46,23,20,45,27
mmu-miR-3073b-5p,71,58,39,32,135,174,93,56,53,27,87,58
mmu-miR-3074-1-3p,0,0,2,0,3,0,0,4,5,4,0,2
mmu-miR-3074-5p,0,9,5,2,5,8,4,2,5,6,2,0
mmu-miR-3075-5p,0,0,0,0,0,0,0,2,0,2,0,0
mmu-miR-3076-3p,0,3,4,2,9,4,0,2,3,2,5,0
mmu-miR-3079-5p,2,0,4,2,0,0,0,0,0,0,0,0
mmu-miR-3081-3p,2,0,0,4,0,2,0,2,0,0,0,0
mmu-miR-3082-3p,23,33,19,15,22,29,19,18,23,19,21,17
mmu-miR-3083-5p,0,3,0,2,0,0,2,0,0,0,0,2
mmu-miR-3084-3p,4,23,8,6,10,7,5,13,5,18,18,4
mmu-miR-3084-5p,3,8,0,0,0,3,0,4,2,0,2,0
mmu-miR-3086-5p,4,8,0,2,2,7,4,6,2,3,3,5
mmu-miR-3087-3p,0,2,0,0,0,0,0,0,0,0,0,0
mmu-miR-3089-3p,5,9,3,4,5,6,0,0,0,0,2,3
mmu-miR-3092-3p,2,0,0,0,0,0,0,0,0,0,0,0
mmu-miR-3097-3p,0,0,0,0,0,0,0,0,0,2,0,0
mmu-miR-3098-3p,0,0,2,0,0,2,2,0,0,0,0,0
mmu-miR-3098-5p,5,5,2,4,0,3,5,6,8,6,0,0
mmu-miR-30a-3p,6574,7365,5276,6426,6398,9314,5406,7235,3648,5428,7808,4293
mmu-miR-30a-5p,261481,343048,203379,207163,279453,467214,273308,274975,175248,253788,331715,194986
mmu-miR-30b-3p,64,58,47,60,56,75,38,80,43,58,85,52
mmu-miR-30b-5p,12391,15657,9305,10440,10612,16586,12640,12022,7452,11141,13391,6967
mmu-miR-30c-1-3p,367,419,263,238,469,644,417,324,236,291,486,298
mmu-miR-30c-2-3p,1117,1144,737,892,901,1421,936,1033,686,851,1093,599
mmu-miR-30c-5p,56913,66859,40498,41882,58711,87735,67747,51962,39643,59991,83138,48550
mmu-miR-30d-3p,585,602,425,505,513,869,554,540,333,504,716,398
mmu-miR-30d-5p,70474,92358,55839,57534,63777,105059,63631,71660,50703,74058,94087,53691
mmu-miR-30e-3p,4067,5247,3373,3846,5262,8371,5179,4197,2482,3629,6990,3666
mmu-miR-30e-5p,74445,103938,61188,60347,90274,146680,104893,69368,52395,77676,124401,76504
mmu-miR-31-3p,9,39,20,17,0,0,0,9,9,29,11,5
mmu-miR-31-5p,917,1362,679,802,163,313,137,996,547,810,853,286
mmu-miR-3102-3p,20,41,41,28,22,29,22,27,16,19,26,14
mmu-miR-3102-3p.2-3p,31,26,16,6,10,12,7,21,7,29,18,12
mmu-miR-3102-5p,0,0,0,0,0,0,0,0,2,2,0,0
mmu-miR-3102-5p.2-5p,8,5,2,2,2,3,0,4,10,0,5,0
mmu-miR-3103-3p,3,0,2,0,0,0,2,2,0,3,2,2
mmu-miR-3105-3p,78,73,76,43,69,94,95,81,45,61,70,30
mmu-miR-3105-5p,6,7,0,2,2,2,0,3,3,0,2,0
mmu-miR-3108-5p,2,0,0,2,0,0,0,0,0,0,0,0
mmu-miR-3109-3p,0,2,0,0,0,0,2,2,2,0,2,0
mmu-miR-3109-5p,0,0,0,0,0,0,0,0,2,0,2,0
mmu-miR-32-3p,16,22,7,18,10,31,14,15,7,16,21,11
mmu-miR-32-5p,237,432,228,204,297,443,259,266,195,250,299,171
mmu-miR-320-3p,2127,2218,1454,1628,1253,1643,1049,1884,1294,1469,1505,920
mmu-miR-322-3p,727,1210,618,580,881,1204,878,680,494,617,990,530
mmu-miR-322-5p,2217,3240,1905,1736,1767,2842,2014,2386,2060,2856,3825,2194
mmu-miR-323-3p,0,0,0,0,0,0,0,2,0,2,2,0
mmu-miR-324-3p,108,148,100,118,81,89,60,128,103,90,105,45
mmu-miR-324-5p,217,259,220,262,139,215,87,237,192,222,217,133
mmu-miR-326-3p,427,836,470,539,333,527,290,479,253,374,442,266
mmu-miR-326-5p,0,0,0,0,0,0,0,3,0,0,0,0
mmu-miR-328-3p,1269,1481,917,986,1191,1506,946,1329,752,948,1467,729
mmu-miR-328-5p,2,0,0,0,0,0,0,0,2,2,0,0
mmu-miR-329-3p,0,0,0,0,0,0,0,0,0,0,0,2
mmu-miR-329-5p,3,0,0,0,0,2,0,0,0,3,4,2
mmu-miR-33-3p,15,21,12,22,21,25,16,24,11,17,12,14
mmu-miR-33-5p,57,92,47,63,95,119,68,73,33,50,87,41
mmu-miR-330-3p,116,93,68,51,27,43,19,113,90,69,56,33
mmu-miR-330-5p,468,663,370,302,209,335,204,533,394,556,402,205
mmu-miR-331-3p,409,670,437,465,223,298,172,444,255,335,300,174
mmu-miR-331-5p,8,8,8,5,2,7,5,13,4,3,10,0
mmu-miR-335-3p,114,129,83,52,89,137,92,149,121,97,135,95
mmu-miR-335-5p,184,270,131,115,125,155,168,155,177,196,221,145
mmu-miR-337-5p,6,7,0,5,5,2,0,5,5,4,3,3
mmu-miR-338-3p,129,181,106,85,145,195,139,155,132,138,183,133
mmu-miR-338-5p,13,9,7,7,13,19,6,8,6,5,7,0
mmu-miR-339-3p,351,553,249,292,360,502,338,307,220,334,420,199
mmu-miR-339-5p,363,736,333,435,395,527,355,390,217,330,344,174
mmu-miR-340-3p,76,111,55,48,46,70,85,73,55,88,88,49
mmu-miR-340-5p,3549,6782,3309,3566,2600,4257,2881,3913,2436,4096,3772,1985
mmu-miR-341-3p,14,6,8,5,0,3,2,13,2,0,7,3
mmu-miR-342-3p,395,716,395,560,110,176,123,375,311,644,465,227
mmu-miR-342-5p,15,9,2,17,3,4,0,14,11,10,12,2
mmu-miR-344-3p,9,44,14,15,3,4,0,11,9,16,8,7
mmu-miR-344b-3p,2,2,0,0,0,0,0,0,0,0,3,0
mmu-miR-344d-3p,0,2,0,5,0,0,0,7,0,0,0,0
mmu-miR-345-3p,456,392,296,300,325,322,170,453,305,314,378,206
mmu-miR-345-5p,196,297,150,184,165,255,157,189,129,214,175,129
mmu-miR-346-5p,6,10,2,4,2,3,5,0,4,2,0,4
mmu-miR-3470a,2,6,0,0,2,0,0,2,0,0,4,0
mmu-miR-3470b,2,8,6,24,9,3,4,2,0,2,4,5
mmu-miR-3473b,3,9,6,3,2,9,3,3,4,2,0,0
mmu-miR-3473d,15,20,16,9,11,15,6,25,20,13,9,10
mmu-miR-3473e,3,9,4,3,0,7,0,3,4,2,0,0
mmu-miR-3474,2,0,0,0,0,0,0,0,0,0,0,0
mmu-miR-3475-3p,4,10,2,4,10,8,4,14,2,7,6,2
mmu-miR-34a-3p,4,5,0,5,0,0,0,3,0,2,0,0
mmu-miR-34a-5p,557,1290,569,543,227,288,218,607,254,566,556,299
mmu-miR-34b-3p,34,55,27,43,15,24,21,61,32,30,36,21
mmu-miR-34b-5p,117,232,96,91,39,82,42,145,92,116,104,55
mmu-miR-34c-3p,40,32,35,35,3,11,12,47,31,27,22,15
mmu-miR-34c-5p,1662,2456,1238,1349,703,1265,880,1709,1138,1903,1594,840
mmu-miR-350-3p,73,94,46,65,12,34,18,79,64,79,50,29
mmu-miR-350-5p,70,101,45,48,30,43,18,69,51,69,69,35
mmu-miR-351-3p,6,0,0,0,0,0,2,0,0,2,0,0
mmu-miR-351-5p,4224,3693,2786,2345,2193,3077,2421,4390,3327,4025,4013,2325
mmu-miR-3535,47,102,48,67,36,46,29,25,51,63,87,57
mmu-miR-3544-5p,0,2,0,0,0,0,0,0,0,0,0,0
mmu-miR-3547-3p,0,4,2,2,2,6,2,5,2,2,4,0
mmu-miR-3569-3p,0,3,0,0,0,0,0,0,0,0,0,0
mmu-miR-3572-3p,2,2,2,0,0,0,0,2,4,0,4,0
mmu-miR-361-3p,325,391,246,204,233,331,202,284,241,222,363,194
mmu-miR-361-5p,433,535,348,322,294,380,281,499,347,440,399,251
mmu-miR-362-3p,103,263,106,141,80,111,58,111,60,75,83,58
mmu-miR-362-5p,19,37,16,21,11,21,15,20,32,18,17,22
mmu-miR-363-3p,84,84,29,30,112,147,107,66,55,61,71,49
mmu-miR-363-5p,2,5,2,0,5,5,2,4,0,0,5,2
mmu-miR-365-1-5p,0,0,0,0,0,0,0,0,0,0,2,0
mmu-miR-365-2-5p,26,15,11,2,28,23,33,29,12,12,26,12
mmu-miR-365-3p,385,435,195,166,321,439,417,401,332,300,384,279
mmu-miR-369-3p,3,2,0,0,0,2,0,3,2,2,0,0
mmu-miR-369-5p,0,2,2,0,0,4,0,2,0,0,2,0
mmu-miR-370-3p,0,0,0,0,0,2,0,0,0,0,0,0
mmu-miR-374b-5p,177,289,162,168,197,227,170,233,160,176,237,148
mmu-miR-375-3p,2413,3471,2456,2181,649,839,559,2624,1289,2940,2435,1092
mmu-miR-376a-3p,0,0,0,0,0,0,2,0,2,0,0,0
mmu-miR-376a-5p,0,0,0,3,0,0,0,0,0,0,0,0
mmu-miR-376b-3p,2,2,0,0,0,5,0,0,0,0,0,0
mmu-miR-376b-5p,0,3,0,4,0,0,4,0,0,0,0,2
mmu-miR-376c-3p,0,4,0,0,0,0,0,0,0,2,2,0
mmu-miR-378a-3p,97376,107050,69110,64981,109561,162130,88707,92166,57814,64283,100161,57431
mmu-miR-378a-5p,389,482,322,277,437,578,320,364,255,264,296,206
mmu-miR-378b,14,44,34,27,34,50,23,26,11,14,36,7
mmu-miR-378c,3998,5049,3120,2806,4577,6463,3684,4101,2028,2015,3057,1697
mmu-miR-378d,0,0,0,0,2,0,0,2,0,0,2,0
mmu-miR-379-3p,3,0,0,0,0,2,0,0,0,0,0,2
mmu-miR-379-5p,6,4,3,3,2,0,2,5,3,7,5,9
mmu-miR-380-3p,4,0,0,3,4,0,2,0,3,0,0,0
mmu-miR-381-3p,30,33,20,24,27,28,19,34,24,26,17,22
mmu-miR-382-3p,0,0,0,0,0,0,0,2,0,0,0,0
mmu-miR-382-5p,6,3,0,2,2,0,0,3,2,3,0,0
mmu-miR-383-5p,0,3,0,3,0,4,0,0,0,0,2,0
mmu-miR-3960,0,0,0,0,0,0,2,0,0,0,0,0
mmu-miR-3963,0,3,0,2,2,2,3,2,0,0,2,0
mmu-miR-3968,288,311,185,114,231,315,341,390,197,137,157,95
mmu-miR-409-3p,28,19,7,15,6,11,0,24,14,8,9,10
mmu-miR-410-3p,38,60,29,42,39,36,18,53,30,48,27,19
mmu-miR-411-3p,2,2,0,0,2,0,0,3,3,2,2,0
mmu-miR-411-5p,207,334,144,178,161,217,115,262,216,276,265,186
mmu-miR-421-3p,561,794,455,382,475,654,426,643,457,564,643,302
mmu-miR-421-5p,2,3,0,0,0,2,3,4,0,0,4,0
mmu-miR-423-3p,4433,4329,2852,2289,3042,3994,3034,3959,2771,3289,3794,1772
mmu-miR-423-5p,1607,1576,990,900,1364,1541,1575,1539,1090,1362,1964,871
mmu-miR-425-3p,55,98,70,46,48,75,76,77,48,61,60,40
mmu-miR-425-5p,1699,2421,1489,1367,1332,2045,1207,1908,1211,1662,1768,926
mmu-miR-429-3p,18981,25458,15039,13545,14017,16607,11052,19508,11534,15913,19255,8926
mmu-miR-431-3p,2,0,0,0,0,0,0,0,2,0,0,0
mmu-miR-431-5p,2,8,5,10,3,8,0,11,5,10,5,3
mmu-miR-433-3p,0,0,0,0,0,0,0,2,2,0,0,0
mmu-miR-434-3p,120,170,110,185,120,109,75,152,79,131,131,91
mmu-miR-434-5p,25,34,15,12,12,16,9,16,11,27,17,15
mmu-miR-449a-5p,8,12,5,2,0,2,3,6,0,10,3,5
mmu-miR-450a-1-3p,0,0,0,0,0,2,0,0,0,0,0,0
mmu-miR-450a-5p,160,282,163,158,211,264,297,181,173,195,253,145
mmu-miR-450b-3p,4,8,3,6,0,5,2,5,0,3,4,0
mmu-miR-450b-5p,154,215,111,116,121,185,112,146,169,176,220,155
mmu-miR-451a,1044,2202,635,622,1804,2185,662,1487,542,1595,1813,304
mmu-miR-452-5p,0,2,0,0,0,2,0,2,4,0,2,0
mmu-miR-455-3p,105,190,63,86,126,192,129,84,80,104,113,79
mmu-miR-455-5p,507,690,336,418,547,762,442,467,276,407,541,319
mmu-miR-463-5p,0,3,0,0,0,0,0,0,0,0,0,0
mmu-miR-465a-3p,0,5,0,0,0,0,0,0,0,0,0,0
mmu-miR-465b-3p,0,5,0,0,0,0,0,0,0,0,0,0
mmu-miR-465c-3p,0,5,0,0,0,0,0,0,0,0,0,0
mmu-miR-465c-5p,7,13,7,5,4,6,2,6,3,6,8,2
mmu-miR-466a-3p,16,28,10,15,9,0,0,10,13,13,14,16
mmu-miR-466a-5p,0,2,0,0,0,0,0,0,0,0,0,0
mmu-miR-466b-3p,20,48,14,18,9,2,4,20,22,28,28,20
mmu-miR-466b-5p,2,0,0,0,0,0,0,0,0,0,0,0
mmu-miR-466c-3p,20,48,14,18,9,2,4,20,22,28,28,20
mmu-miR-466c-5p,2,7,4,0,0,0,0,5,0,6,3,0
mmu-miR-466d-3p,0,9,5,3,2,3,0,7,6,0,2,2
mmu-miR-466d-5p,2,0,0,0,0,0,0,0,0,0,0,0
mmu-miR-466e-3p,20,48,14,18,9,2,4,20,22,28,28,20
mmu-miR-466e-5p,2,0,0,0,0,0,0,0,0,0,0,0
mmu-miR-466f-3p,2,5,2,4,0,0,0,2,3,0,0,0
mmu-miR-466g,4,4,0,0,0,0,0,4,0,0,4,2
mmu-miR-466h-3p,0,0,0,3,0,0,0,4,0,2,3,0
mmu-miR-466h-5p,4,2,0,0,0,0,0,0,0,4,3,0
mmu-miR-466i-3p,0,3,0,0,0,0,0,0,0,0,0,0
mmu-miR-466n-5p,2,0,0,0,0,0,0,0,0,0,0,0
mmu-miR-466o-5p,4,0,0,0,0,0,0,0,0,0,0,0
mmu-miR-466p-3p,20,48,14,18,9,2,4,20,22,28,28,20
mmu-miR-466p-5p,0,2,0,0,0,0,0,0,0,0,0,0
mmu-miR-467a-3p,12,16,11,7,4,5,3,6,9,14,4,5
mmu-miR-467a-5p,22,37,14,32,4,10,7,20,28,41,24,20
mmu-miR-467b-5p,22,37,14,32,4,10,7,20,28,41,24,20
mmu-miR-467c-5p,15,26,15,3,0,10,0,16,10,13,11,2
mmu-miR-467d-3p,12,16,11,7,4,5,3,6,9,14,4,5
mmu-miR-467d-5p,16,23,6,19,4,18,3,17,11,19,35,16
mmu-miR-467e-5p,10,26,9,19,4,5,7,15,12,13,20,10
mmu-miR-470-5p,7,20,12,6,4,7,6,12,6,13,9,15
mmu-miR-484,2234,2393,1595,1391,1201,1629,1415,2574,1529,1914,1566,892
mmu-miR-485-3p,0,0,0,2,0,0,0,0,0,0,0,0
mmu-miR-486a-3p,7,22,5,8,17,26,6,12,10,7,11,2
mmu-miR-486a-5p,4747,10711,2347,2267,10269,14991,3583,7611,3351,9051,11840,2138
mmu-miR-486b-3p,3,9,2,4,9,11,3,3,5,2,5,2
mmu-miR-486b-5p,4738,10693,2345,2265,10260,14966,3580,7608,3336,9043,11830,2137
mmu-miR-487b-3p,0,2,0,2,0,0,0,0,0,0,0,0
mmu-miR-488-3p,10,12,7,7,14,16,9,12,4,10,11,6
mmu-miR-489-3p,28,30,21,33,19,24,24,12,24,43,23,29
mmu-miR-494-3p,0,0,0,0,0,0,0,0,2,0,0,0
mmu-miR-495-3p,2,0,0,0,0,0,0,2,0,0,0,0
mmu-miR-496a-3p,2,4,0,0,0,3,0,0,2,0,0,0
mmu-miR-497a-3p,0,0,0,2,0,0,0,0,2,0,2,0
mmu-miR-497a-5p,1860,3391,1561,1975,1448,2229,1460,1677,1277,1923,2829,1331
mmu-miR-499-5p,0,0,0,0,0,0,0,0,0,2,0,0
mmu-miR-500-3p,86,224,86,103,61,89,51,113,63,97,89,52
mmu-miR-500-5p,0,0,0,0,0,0,0,2,0,3,0,0
mmu-miR-501-3p,135,232,265,235,119,227,362,251,185,352,274,165
mmu-miR-501-5p,5,18,11,25,8,2,5,5,2,8,2,5
mmu-miR-503-3p,38,38,21,30,21,42,33,28,30,25,34,26
mmu-miR-503-5p,3,10,5,0,0,2,3,10,6,9,3,0
mmu-miR-504-5p,2,0,0,0,0,0,0,0,2,0,0,0
mmu-miR-505-3p,2,2,0,4,3,0,0,2,2,4,8,0
mmu-miR-505-5p,0,2,2,4,2,3,2,4,0,2,0,0
mmu-miR-5099,624,680,370,305,415,458,289,676,299,334,452,189
mmu-miR-5101,0,11,3,6,2,3,3,6,2,11,8,0
mmu-miR-5104,0,2,0,0,0,0,0,0,0,0,0,0
mmu-miR-5107-3p,0,8,3,4,0,0,0,0,2,12,6,2
mmu-miR-5107-5p,2,5,0,4,0,0,0,0,0,0,0,0
mmu-miR-511-3p,14,140,40,53,2,7,4,37,17,44,32,16
mmu-miR-511-5p,2,18,11,8,2,4,0,3,6,14,16,0
mmu-miR-5113,0,0,2,0,2,2,0,0,3,2,0,0
mmu-miR-5114,4,7,0,2,0,0,0,0,0,6,2,0
mmu-miR-5121,6,6,8,9,7,7,6,2,0,0,0,0
mmu-miR-5122,14,32,16,9,12,14,13,36,10,9,9,3
mmu-miR-5123,0,0,0,0,0,0,0,3,0,0,0,0
mmu-miR-5128,2,0,0,2,2,0,0,0,0,3,0,0
mmu-miR-5129-3p,8,6,4,9,2,8,3,3,2,6,11,11
mmu-miR-5129-5p,2,0,0,0,0,0,0,0,0,0,0,0
mmu-miR-5132-3p,0,0,2,0,0,0,0,0,0,0,0,0
mmu-miR-5132-5p,0,0,0,0,0,0,0,0,0,0,0,2
mmu-miR-532-3p,153,183,138,174,75,115,72,163,90,159,126,65
mmu-miR-532-5p,3019,4084,2545,2478,1605,2146,1154,3483,1927,2813,2593,1273
mmu-miR-540-3p,6,0,0,0,4,0,2,5,0,2,0,0
mmu-miR-540-5p,0,0,0,0,0,2,0,0,0,0,0,0
mmu-miR-541-5p,84,79,36,48,40,52,20,108,85,99,48,51
mmu-miR-542-3p,143,220,107,118,107,137,94,141,111,158,173,109
mmu-miR-542-5p,21,26,27,17,21,27,19,26,13,17,19,15
mmu-miR-543-3p,0,0,2,0,0,0,0,0,0,0,0,0
mmu-miR-547-3p,4,4,2,0,0,2,3,3,0,0,0,3
mmu-miR-551b-3p,22,29,24,23,24,15,25,19,15,19,15,9
mmu-miR-551b-5p,2,0,2,0,0,0,0,2,3,0,2,0
mmu-miR-5615-5p,2,0,0,0,0,0,0,3,0,0,0,0
mmu-miR-5621-3p,2,0,0,0,2,2,0,0,0,0,0,0
mmu-miR-5627-3p,0,0,0,0,0,0,0,2,0,0,0,0
mmu-miR-5709-5p,2,2,0,0,0,2,3,2,0,0,0,0
mmu-miR-574-3p,353,409,265,356,172,230,154,394,259,302,352,186
mmu-miR-574-5p,45,68,42,47,24,31,21,55,30,47,41,23
mmu-miR-582-3p,1417,1708,1075,718,1195,1771,1058,1349,855,887,1283,681
mmu-miR-582-5p,143,245,112,104,125,192,125,141,96,132,146,101
mmu-miR-592-5p,3,6,5,0,0,0,0,0,2,2,0,0
mmu-miR-598-3p,48,72,39,63,40,57,22,50,39,53,53,33
mmu-miR-598-5p,0,0,0,0,0,0,0,0,0,2,0,0
mmu-miR-615-3p,615,706,481,528,355,463,363,735,458,585,605,359
mmu-miR-615-5p,31,32,27,9,13,13,13,28,19,20,24,12
mmu-miR-6236,7,4,4,2,4,11,4,2,0,3,2,7
mmu-miR-6238,2,3,0,2,2,2,2,0,0,2,0,4
mmu-miR-6240,7,3,3,4,5,8,9,13,7,11,2,17
mmu-miR-6412,0,2,2,0,4,7,2,0,0,0,0,0
mmu-miR-6418-3p,3,3,2,4,0,0,0,2,0,2,0,0
mmu-miR-6481,0,4,0,0,6,0,0,0,0,0,0,0
mmu-miR-6516-3p,6,2,2,5,2,2,0,2,0,0,0,0
mmu-miR-6516-5p,5,2,10,2,4,2,0,8,3,11,2,0
mmu-miR-652-3p,895,1149,912,1104,615,916,491,1006,625,871,730,477
mmu-miR-652-5p,5,7,5,9,0,5,0,5,8,0,5,3
mmu-miR-653-3p,0,0,0,0,0,3,0,0,0,2,0,0
mmu-miR-653-5p,48,86,74,95,59,47,39,59,25,50,68,26
mmu-miR-6538,2,2,0,0,0,0,2,2,0,0,3,0
mmu-miR-6539,24,10,3,0,0,2,3,16,16,6,5,0
mmu-miR-664-3p,102,120,64,51,85,129,90,109,74,85,98,70
mmu-miR-664-5p,42,39,25,33,28,43,36,51,33,35,55,22
mmu-miR-667-3p,0,0,2,0,0,0,0,0,0,0,0,0
mmu-miR-669a-3-3p,2,0,0,0,0,0,0,0,0,0,0,0
mmu-miR-669a-3p,42,78,27,35,14,18,5,45,35,52,29,30
mmu-miR-669a-5p,31,30,19,19,3,11,2,20,22,27,19,11
mmu-miR-669b-5p,7,6,6,4,0,0,0,4,0,9,11,0
mmu-miR-669c-5p,11,22,15,8,3,10,5,8,5,23,18,9
mmu-miR-669d-5p,0,7,0,3,0,5,2,0,4,0,7,0
mmu-miR-669e-3p,3,0,0,2,0,0,0,0,0,0,0,0
mmu-miR-669e-5p,4,3,0,0,0,0,0,0,0,0,0,0
mmu-miR-669f-3p,0,0,0,2,0,2,2,0,0,0,0,2
mmu-miR-669f-5p,2,0,3,4,0,0,0,0,0,0,2,2
mmu-miR-669l-5p,2,0,0,5,0,2,0,0,0,0,2,0
mmu-miR-669o-3p,42,78,27,35,14,18,5,45,35,52,29,30
mmu-miR-669o-5p,0,5,0,0,0,0,3,0,4,9,5,7
mmu-miR-669p-5p,31,30,19,19,3,11,2,20,22,27,19,11
mmu-miR-670-3p,2,2,0,2,0,0,0,2,0,0,0,0
mmu-miR-671-3p,348,370,238,242,359,515,316,398,198,290,421,163
mmu-miR-671-5p,104,105,57,57,98,122,107,124,84,80,99,52
mmu-miR-672-3p,2,0,0,0,2,0,0,0,3,0,0,0
mmu-miR-672-5p,37,31,28,20,21,17,14,29,13,16,26,7
mmu-miR-673-5p,2,2,4,0,2,4,3,3,2,2,0,0
mmu-miR-674-3p,234,329,212,198,106,209,221,271,155,218,213,120
mmu-miR-674-5p,100,153,83,64,64,82,49,96,55,92,86,35
mmu-miR-676-3p,484,713,449,639,232,312,208,474,258,451,580,229
mmu-miR-676-5p,67,126,73,85,44,63,42,69,60,92,115,56
mmu-miR-677-5p,20,72,34,38,22,22,11,24,15,49,46,34
mmu-miR-6899-3p,4,2,0,3,0,7,2,3,3,4,4,0
mmu-miR-690,10,15,29,17,13,38,10,7,10,11,17,19
mmu-miR-6901-5p,0,2,0,0,0,2,0,0,0,0,2,4
mmu-miR-6902-5p,0,0,0,0,0,0,0,0,0,2,0,0
mmu-miR-6909-3p,0,0,0,0,0,0,0,0,0,2,0,0
mmu-miR-6909-5p,2,5,0,0,0,0,0,0,3,0,0,0
mmu-miR-6911-3p,9,10,9,5,6,15,5,7,7,11,8,3
mmu-miR-6913-3p,0,0,0,0,0,2,0,0,0,0,0,0
mmu-miR-6914-3p,2,9,2,0,2,8,2,4,0,2,2,0
mmu-miR-6919-3p,0,0,0,0,0,0,0,2,0,0,3,0
mmu-miR-6921-3p,0,0,0,0,2,0,0,0,0,0,2,0
mmu-miR-6925-3p,0,0,0,0,0,0,0,0,2,0,0,0
mmu-miR-693-3p,0,0,0,0,0,3,0,0,0,0,0,0
mmu-miR-6932-3p,0,0,0,0,3,0,0,0,0,0,0,0
mmu-miR-6937-3p,0,0,0,0,0,2,0,0,0,0,0,0
mmu-miR-6938-3p,2,0,0,0,5,0,0,0,0,0,0,0
mmu-miR-6940-3p,2,2,0,0,0,2,0,0,0,0,2,0
mmu-miR-6944-3p,88,91,53,46,27,37,26,85,86,133,73,42
mmu-miR-6945-3p,0,2,0,0,0,0,0,4,2,0,0,0
mmu-miR-6946-3p,2,2,0,0,2,5,2,7,0,0,0,3
mmu-miR-6948-3p,3,5,2,2,14,9,3,5,2,8,7,3
mmu-miR-6952-3p,3,4,5,4,5,3,4,10,2,5,10,0
mmu-miR-6953-3p,6,0,0,0,7,3,2,3,0,0,6,0
mmu-miR-6954-3p,0,0,3,0,0,0,0,0,0,0,0,2
mmu-miR-6956-3p,4,12,0,2,6,2,4,0,0,3,4,2
mmu-miR-6958-3p,4,0,0,0,0,0,0,0,0,0,2,0
mmu-miR-6960-5p,0,4,0,0,0,0,0,0,0,0,0,2
mmu-miR-6962-3p,0,0,0,0,0,0,0,2,0,0,0,0
mmu-miR-6964-3p,0,0,2,0,0,0,2,0,0,0,0,0
mmu-miR-6966-3p,0,0,0,0,3,0,0,0,0,0,0,0
mmu-miR-6972-3p,6,13,7,8,10,14,6,11,2,4,13,5
mmu-miR-6976-3p,0,2,0,0,0,0,0,0,0,2,0,0
mmu-miR-6978-3p,12,18,5,9,0,0,0,15,8,16,0,3
mmu-miR-6979-3p,2,2,0,0,2,0,0,0,0,0,0,0
mmu-miR-6980-3p,0,4,0,0,0,0,0,0,0,0,0,0
mmu-miR-6983-3p,0,0,0,0,0,0,0,0,0,0,2,0
mmu-miR-6985-3p,2,2,0,0,0,3,0,0,0,4,0,0
mmu-miR-6986-5p,0,0,0,0,0,0,0,2,0,0,0,0
mmu-miR-6988-3p,5,13,8,6,14,4,14,6,3,8,8,4
mmu-miR-6989-3p,4,7,2,2,9,5,6,5,0,4,2,4
mmu-miR-6990-3p,0,0,2,0,0,0,0,0,0,0,0,0
mmu-miR-6990-5p,3,0,2,2,7,2,4,3,0,0,4,0
mmu-miR-6994-5p,0,0,0,0,0,0,0,0,0,0,3,0
mmu-miR-6995-3p,0,0,0,0,0,0,2,0,0,0,0,0
mmu-miR-6996-5p,2,2,3,0,0,0,0,0,0,3,2,0
mmu-miR-700-3p,15,22,7,10,2,14,6,22,3,15,6,9
mmu-miR-700-5p,38,104,44,56,23,32,10,80,48,73,51,38
mmu-miR-7006-3p,0,0,0,0,2,0,0,0,0,0,0,2
mmu-miR-7009-5p,2,0,0,0,0,0,0,0,0,0,0,0
mmu-miR-7010-5p,0,0,3,0,0,0,0,0,0,0,0,0
mmu-miR-7011-3p,0,0,0,0,0,0,0,0,0,0,2,0
mmu-miR-7015-3p,23,30,14,16,22,35,16,23,13,19,40,8
mmu-miR-7017-5p,0,0,0,0,0,0,0,2,0,0,0,0
mmu-miR-702-3p,0,0,2,2,0,0,0,2,2,2,4,0
mmu-miR-702-5p,0,3,0,0,0,0,0,2,2,0,0,0
mmu-miR-7021-5p,0,0,2,0,0,0,0,0,0,0,0,0
mmu-miR-7022-3p,2,0,0,0,0,0,0,0,0,0,0,0
mmu-miR-7024-5p,0,0,0,2,0,0,0,0,0,0,0,0
mmu-miR-7025-3p,0,0,0,0,0,0,0,0,0,2,0,0
mmu-miR-7028-3p,0,0,0,0,0,2,0,0,0,0,0,0
mmu-miR-7030-3p,0,0,0,0,0,0,0,0,0,0,2,0
mmu-miR-7032-3p,0,0,0,0,0,0,0,0,0,0,0,2
mmu-miR-7035-3p,2,7,5,2,5,0,0,2,5,3,2,0
mmu-miR-704,9,0,0,0,0,0,0,4,2,2,2,2
mmu-miR-7042-3p,0,0,0,0,0,0,0,0,0,0,2,0
mmu-miR-7042-5p,0,3,0,0,0,0,0,0,0,0,0,0
mmu-miR-7043-3p,2,17,2,2,2,0,0,6,7,8,9,2
mmu-miR-7045-3p,2,0,2,2,0,0,0,0,0,2,0,0
mmu-miR-7046-3p,6,9,9,6,18,28,9,13,5,8,16,7
mmu-miR-7048-3p,0,0,0,0,2,0,0,0,0,0,2,0
mmu-miR-7049-5p,0,0,2,0,0,0,0,0,0,0,0,0
mmu-miR-7052-3p,4,4,0,2,2,4,0,2,0,4,2,3
mmu-miR-7059-5p,0,0,2,0,0,0,3,3,0,2,0,0
mmu-miR-7063-3p,0,0,0,0,0,0,0,0,2,0,0,0
mmu-miR-7063-5p,0,0,0,0,2,0,0,0,0,0,3,0
mmu-miR-7065-3p,0,2,0,0,0,2,0,0,0,0,0,0
mmu-miR-7068-3p,49,38,36,25,53,42,21,34,29,46,35,28
mmu-miR-7075-3p,0,6,4,4,4,0,3,4,4,2,5,3
mmu-miR-708-3p,54,111,36,56,67,119,64,64,47,57,56,42
mmu-miR-708-5p,52,60,40,65,43,51,35,55,34,56,41,35
mmu-miR-7080-3p,0,2,0,0,0,0,0,0,0,0,0,0
mmu-miR-7081-3p,0,0,2,0,0,0,0,2,0,0,0,0
mmu-miR-7083-3p,0,0,2,2,0,2,0,0,0,0,0,0
mmu-miR-7083-5p,2,6,4,3,3,4,0,2,2,0,4,0
mmu-miR-7085-3p,0,0,0,0,0,7,2,0,0,0,0,2
mmu-miR-7085-5p,0,0,0,0,2,0,0,0,0,0,0,0
mmu-miR-7086-5p,0,0,0,0,0,0,0,2,0,0,0,0
mmu-miR-7118-3p,0,2,0,0,0,0,0,0,0,0,0,0
mmu-miR-712-5p,2,0,0,0,0,0,0,0,0,0,0,0
mmu-miR-7219-3p,0,0,0,3,0,0,0,0,0,0,0,0
mmu-miR-7224-3p,22,41,19,20,11,13,10,36,10,30,25,9
mmu-miR-7226-3p,14,22,19,26,15,20,14,24,17,30,32,14
mmu-miR-7235-3p,3,0,0,0,0,0,0,0,0,0,0,0
mmu-miR-7236-3p,0,0,0,0,2,0,0,0,0,2,0,0
mmu-miR-7237-3p,2,0,0,0,0,0,0,2,0,4,0,0
mmu-miR-7240-5p,2,0,0,2,8,10,0,5,0,0,0,0
mmu-miR-741-3p,0,0,0,0,0,0,0,0,0,2,2,0
mmu-miR-743b-3p,0,0,2,2,0,2,0,0,0,0,0,2
mmu-miR-744-3p,65,67,46,40,54,76,50,59,43,32,63,33
mmu-miR-744-5p,2125,2699,1490,1507,2155,2830,1600,2154,1383,1959,2116,1068
mmu-miR-760-3p,0,0,0,0,0,0,0,0,0,0,2,2
mmu-miR-7648-3p,0,0,0,0,0,2,0,2,0,0,0,0
mmu-miR-7651-5p,0,2,0,0,0,0,0,0,0,0,0,0
mmu-miR-7653-3p,0,2,0,0,4,0,0,0,0,0,0,0
mmu-miR-7655-3p,2,0,3,0,0,2,0,0,0,0,0,0
mmu-miR-7655-5p,0,0,0,0,0,0,0,0,3,0,0,0
mmu-miR-7661-3p,2,6,0,5,0,3,4,0,2,3,5,5
mmu-miR-7667-3p,0,0,0,0,0,3,0,0,0,0,0,0
mmu-miR-7667-5p,2,0,0,2,0,2,0,0,0,0,0,0
mmu-miR-7674-3p,0,5,0,0,3,0,0,0,0,0,0,0
mmu-miR-7687-5p,0,0,0,0,0,0,0,0,2,0,0,0
mmu-miR-7a-1-3p,23,46,35,25,16,27,16,45,29,28,32,15
mmu-miR-7a-5p,26,25,22,10,16,20,31,24,21,21,21,10
mmu-miR-802-3p,190,192,119,127,86,82,62,193,125,129,113,49
mmu-miR-802-5p,616,592,412,414,244,310,321,589,469,514,397,207
mmu-miR-8103,4,12,2,3,0,2,2,8,5,8,4,0
mmu-miR-8105,0,0,0,0,0,0,0,0,0,2,0,0
mmu-miR-8106,0,0,0,0,0,0,0,2,0,0,0,0
mmu-miR-8112,8,9,11,5,4,8,0,12,3,3,11,3
mmu-miR-8114,37,39,25,22,9,16,8,42,21,27,24,0
mmu-miR-8115,3,10,0,6,0,0,0,5,2,4,4,4
mmu-miR-8118,0,0,0,0,2,0,0,0,0,0,0,0
mmu-miR-871-3p,6,11,5,2,5,5,6,9,6,2,5,5
mmu-miR-871-5p,0,4,0,2,0,2,0,0,0,0,0,0
mmu-miR-872-3p,1154,1335,914,989,769,1054,729,1027,696,905,896,464
mmu-miR-872-5p,1460,2220,1149,1391,883,1284,816,1578,919,1339,1545,752
mmu-miR-874-3p,187,219,143,180,251,339,271,145,98,127,290,224
mmu-miR-874-5p,61,53,42,36,61,74,55,73,44,30,61,35
mmu-miR-877-3p,27,6,9,3,9,6,7,18,7,8,6,2
mmu-miR-877-5p,67,90,38,28,36,48,25,57,38,32,47,18
mmu-miR-878-5p,0,0,0,2,0,0,0,0,2,0,0,0
mmu-miR-879-3p,0,0,0,3,0,0,0,0,0,0,0,0
mmu-miR-879-5p,2,17,7,8,6,4,4,10,2,3,15,3
mmu-miR-881-3p,0,7,5,5,0,3,2,6,0,4,0,5
mmu-miR-9-3p,10,23,5,13,7,15,8,11,5,13,10,4
mmu-miR-9-5p,1146,1401,874,875,792,1525,791,1066,655,1180,1285,540
mmu-miR-92a-1-5p,170,189,112,93,56,90,58,219,152,161,106,64
mmu-miR-92a-3p,69634,73756,45304,41587,32227,49774,27814,74262,50504,69735,58015,29597
mmu-miR-92b-3p,1975,1823,1180,1470,800,1246,923,2150,1212,1902,2043,881
mmu-miR-92b-5p,0,0,0,0,0,0,0,0,2,0,0,0
mmu-miR-93-3p,56,69,34,42,22,34,23,58,45,74,50,25
mmu-miR-93-5p,6077,9797,5482,4957,3619,5417,2996,6605,4514,7942,5970,3148
mmu-miR-935,0,0,0,0,0,0,0,0,0,2,0,0
mmu-miR-96-3p,0,0,0,3,0,0,0,0,0,0,0,0
mmu-miR-96-5p,112,210,101,141,28,44,44,142,102,274,116,67
mmu-miR-9769-3p,11,2,5,2,6,5,2,4,8,2,5,4
mmu-miR-98-3p,167,160,100,74,91,149,131,130,121,126,134,74
mmu-miR-98-5p,4733,5549,3726,3437,3157,3605,2268,4914,2885,3832,3577,2183
mmu-miR-99a-3p,116,203,99,118,106,197,105,94,57,77,152,99
mmu-miR-99a-5p,1116,1943,991,1127,1028,1969,1561,1298,880,1222,1737,989
mmu-miR-99b-3p,245,285,206,211,80,103,97,307,156,212,154,83
mmu-miR-99b-5p,10992,20679,14107,16083,6887,14207,16744,15354,9530,18481,15682,8987
